_id,id,title,body,state,comments
64af4e102062b0a7328147eb,428,Allow the build cache to work for verified downloads,"The build cache would have worked here on its own. Unfortunately I was accidentally disabling it due to an ill-conceived `upToDateWhen` call. See [Gradle issue #8564](https://github.com/gradle/gradle/issues/8584) for more discussion of [why I thought that call was useful](https://github.com/gradle/gradle/issues/8584#issuecomment-466451327), but [why it turned out to be harmful instead](https://github.com/gradle/gradle/issues/8584#issuecomment-466299895).

This should give second and subsequent rebuilds a nice performance boost. It might even speed up our Travis CI builds and make them less flaky, since we ask Travis CI to cache (snapshot and restore) the Gradle build cache across jobs.

That being said, the original `upToDateWhen` call was added to work around a specific problem, whereby Gradle would become convinced that the correct outcome of some download task is to have nothing downloaded at all. Once Gradle gets into this state, there seems to be no way to convince it to reattempt the download short of removing the project’s `.gradle` subdirectory and rebuilding everything from scratch. (Using `./gradlew --rerun-tasks` might work too; I have not tried it yet.) I am still seeing this problem crop up occasionally, as noted [here](https://github.com/gradle/gradle/issues/8584#issuecomment-466458821) and [here](https://github.com/gradle/gradle/issues/8584#issuecomment-466469525). I haven’t been able to reproduce the problem on demand, though. Until I do, **it’s hard to say whether we are better off with or without this change. I am torn, to be honest.**",closed,"['Unfortunately I do _not_ think I am on the cusp of a better understanding. I think it’s going to take more field experience with this change to see how it behaves and perhaps start to notice when/if it gets itself into the bad state. For that, it will be better to have this change merged into `master` so that I and others will be exercising it on a regular basis.\r\n\r\nSo let’s be bold and merge this in. If you find that your build tree has gotten itself stuck in a state where a download is missing but the download task is believed to be complete, please let me know, and try to recall what actions led you to that state. You can also try `./gradlew --rerun-tasks downloadTaskName` where `downloadTaskName` is the name of the Gradle build task that should be downloading something but isn’t. Those tasks generally being with `download`, such as `downloadJLex` or `downloadAndroidSdk`.', '[I initially suggested](#issue-255640411) that this change “might even speed up our Travis CI builds and make them less flaky.” That is incorrect. We run our Travis CI Gadle builds with the `--no-build-cache` flag, so any cached downloads will be ignored.\r\n\r\nRemoving this flag would likely make our Travis CI jobs faster and less flaky as originally teased. But there may be some benefit to making Travis CI tests start from scratch each time, unable to accidentally benefit from anything that happened to be carried forward in a cache from an earlier job.']"
64af4e102062b0a732814605,916,Flaky test failures on Ubuntu JDK 11,"On CI, we occasionally get a test failure in `com.ibm.wala.core` only on JDK 11, with a stack like the following:
```
com.ibm.wala.core.tests.callGraph.CallGraphTest > testJava_cup FAILED
341
    java.lang.AssertionError
342
        at com.ibm.wala.util.intset.BitVectorIntSet$1.hasNext(BitVectorIntSet.java:228)
343
        at com.ibm.wala.ipa.callgraph.propagation.rta.DelegatingExplicitCallGraph$DelegatingEdgeManager.getPredNodeNumbers(DelegatingExplicitCallGraph.java:243)
344
        at com.ibm.wala.ipa.callgraph.impl.ExplicitCallGraph$ExplicitEdgeManager.getPredNodes(ExplicitCallGraph.java:374)
345
        at com.ibm.wala.ipa.callgraph.impl.ExplicitCallGraph$ExplicitEdgeManager.getPredNodes(ExplicitCallGraph.java:343)
346
        at com.ibm.wala.util.graph.AbstractGraph.getPredNodes(AbstractGraph.java:66)
347
        at com.ibm.wala.util.graph.GraphIntegrity.checkEdges(GraphIntegrity.java:90)
348
        at com.ibm.wala.util.graph.GraphIntegrity.check(GraphIntegrity.java:41)
349
        at com.ibm.wala.core.tests.callGraph.CallGraphTest.doCallGraphs(CallGraphTest.java:408)
350
        at 
```
I do not know how this could be failing only on JDK 11.  I will try updating the JDK used in CI to see if it goes away due to a fixed JVM bug.  If it doesn't, I will have to investigate further.",closed,"[""Update: #917 did not fix this problem.  I also cannot reproduce on Mac.  It may be a combination of a WALA bug and some non-determinism that is only getting exposed on Linux JDK 11.  It's a tough one to debug."", 'Should we consider disabling this test when running on Java 11 until the problem can be fixed? This non-deterministic failure creates a speed bump for other changes: we need to rerun *all* GitHub CI jobs until we get lucky for this one flaky test.', ""The problem is it's not always the same test that fails.  In the example above, it was `test_Javacup`, but in the CI job that failed for #954 it was `testOcamlHash`.  We could try disabling both of these on Java 11 for now, I guess.\r\n\r\nI really wish I had a way to repro this one.  I tried installing WALA in an Ubuntu Docker container on my Mac and running `testOcamlHash` several times, but never saw a failure."", ""I haven't seen these failures in a while; hopefully a JDK update fixed it.  Closing until we see it again""]"
64af4e102062b0a7328145df,954,Avoid conditional dependencies,"Gradle dependency version locksets work best when dependencies are fixed
across all builds.",closed,"[""The CI failure is due to a flaky test (#916).  A restart should hopefully fix.\r\n\r\nI'm really puzzled by this issue.  I'd like to think a bit more about what could be the root cause before approving."", ""It seems the `-PexcludeSlowTests` flag is related to / causing this issue, at least that's what I see locally.  @liblit can you confirm that if you remove that option you don't get the same type of failure anymore?  I wonder if that property is causing additional dependencies to be pulled in.  If so, maybe it'd be better to pull in the deps unconditionally somehow?  If that's too tricky, I'm ok with this current fix, with some extra comments indicating why we need it."", ""> It seems the `-PexcludeSlowTests` flag is related to / causing this issue, at least that's what I see locally.\r\n\r\nWoah. 🤯 How did you manage to figure that out?\r\n\r\n> @liblit can you confirm that if you remove that option you don't get the same type of failure anymore?\r\n\r\nConfirmed.\r\n\r\n> I wonder if that property is causing additional dependencies to be pulled in.\r\n\r\nIt must have something to do with this code that only executes when `excludeSlowTests` is set:\r\n\r\nhttps://github.com/wala/WALA/blob/35b8e41f230abb6062a9a66c2f6c7ae4611036d2/build.gradle#L113-L115\r\n\r\n> If so, maybe it'd be better to pull in the deps unconditionally somehow?\r\n\r\nIndeed, I think that's exactly the right solution, rather than the workaround-without-true-understanding that I originally proposed here. I'll revise the code and this pull request accordingly. Good job, @msridhar!"", '@msridhar wrote:\r\n> The CI failure is due to a flaky test (#916). A restart should hopefully fix.\r\n\r\nThanks for that hint, too. I would have spent a nontrivial amount of time rediscovering that on my own.']"
64af4e102062b0a732814912,133,using HashCodeComparator in class loading may and does cause instabilities,"In `ClassLoaderImpl`, the method `getClassFiles` is responsible for retrieving all the module entries from a module and returning them as a set. For this, first the iterator is converted into a list and then this list is inserted into a TreeSet, using a comparator which compares two module entries by hash code (!).
I think this is highly fragile. The [Java API doc](https://docs.oracle.com/javase/8/docs/api/java/util/TreeSet.html) clearly says that `TreeSet` relies on the used `compareTo` method [being consistent with](https://docs.oracle.com/javase/8/docs/api/java/lang/Comparable.html) `equals`. In particular, `TreeSet` uses `compareTo == 0` as eqality check. The used `HashCodeComparator` is *not* consistent with `equals` as there may be collisions. So, using a `HashCodeComparator` in `getClassFiles` may accidentally delete module entries.

I also think that there is a connection of this issue to #88. The dalvik front-end class `DexClassLoaderImpl` contains a method which is similar to `getClassFiles` (`getDexFiles`). The bad thing is that the `DexModuleEntry` class it processes does not implement `hashCode` or `equals`. I think this causes the flakiness, since now `System.identityHashCode` is used which is completely unpredictable.
One simple fix would be to implement `hashCode` and `equals` consistently for `DexModuleEntry`.

Another possible solution would be to not use `TreeSet` and `HashCodeComparator` but a `LinkedHashSet`.

I am in favor of the latter solution because it is more robust. I also don't think that it is really necessary to first unroll an iterator into a list and then insert all list items into a set, so removing this code would not only make it more robust but also faster and simpler.

@juliandolby @msridhar What do you think?",closed,"['Martin,\n\n This seems like an important issue; thanks for finding it.  I think making sure equals, hahsCode and compareTo are all consistent is good to do anyway, so that seems like the right fix to me.\n\n  — Julian\n\n> On Jan 26, 2017, at 5:32 AM, Martin Mohr <notifications@github.com> wrote:\n> \n> In ClassLoaderImpl, the method getClassFiles is responsible for retrieving all the module entries from a module and returning them as a set. For this, first the iterator is converted into a list and then this list is inserted into a TreeSet, using a comparator which compares two module entries by hash code (!).\n> I think this is highly fragile. The Java API doc <https://docs.oracle.com/javase/8/docs/api/java/util/TreeSet.html> clearly says that TreeSet relies on the used compareTo method being consistent with <https://docs.oracle.com/javase/8/docs/api/java/lang/Comparable.html> equals. In particular, TreeSet uses compareTo == 0 as eqality check. The used HashCodeComparator is not consistent with equals as there may be collisions. So, using a HashCodeComparator in getClassFiles may accidentally delete module entries.\n> \n> I also think that there is a connection of this issue to #88 <https://github.com/wala/WALA/issues/88>. The dalvik front-end class DexClassLoaderImpl contains a method which is similar to getClassFiles (getDexFiles). The bad thing is that the DexModuleEntry class it processes does not implement hashCode or equals. I think this causes the flakiness, since now System.identityHashCode is used which is completely unpredictable.\n> Another simple fix would be to implement hashCode and equals properly (i.e. consistent) for DexModuleEntryI cannot say for sure what happens exactly, but my experiments show that WALAs whole behaviour becomes more predictable after I tried this.\n> \n> Another possible solution would be to not use TreeSet and HashCodeComparator but a LinkedHashSet.\n> \n> @juliandolby <https://github.com/juliandolby> @msridhar <https://github.com/msridhar> What do you think?\n> \n> —\n> You are receiving this because you were mentioned.\n> Reply to this email directly, view it on GitHub <https://github.com/wala/WALA/issues/133>, or mute the thread <https://github.com/notifications/unsubscribe-auth/ABk3fhvsaD2Wsy73clwizyKNXG2KJnbPks5rWHY4gaJpZM4Lufe7>.\n> \n\n', '@juliandolby What do you think about getting rid of HashCodeComparator, as proposed in #134? This not only seems more robust to me but also simpler and faster.', 'That seems like a good idea too.\n\n> On Jan 26, 2017, at 9:02 AM, Martin Mohr <notifications@github.com> wrote:\n> \n> @juliandolby <https://github.com/juliandolby> What do you think about getting rid of HashCodeComparator, as proposed in #134 <https://github.com/wala/WALA/pull/134>? This not only seems more robust to me but also simpler and faster.\n> \n> —\n> You are receiving this because you were mentioned.\n> Reply to this email directly, view it on GitHub <https://github.com/wala/WALA/issues/133#issuecomment-275394875>, or mute the thread <https://github.com/notifications/unsubscribe-auth/ABk3fpQlYySYh1rke4unz_P3-O_zjsfiks5rWKd_gaJpZM4Lufe7>.\n> \n\n', 'Fixed by #134 ']"
64af4e102062b0a73281497e,25,Flakiness in running tests under Maven,"When running `mvn clean verify` after a fresh checkout, the WALA core tests fail to run, with the following error:

```
[ERROR] Failed to execute goal org.apache.maven.plugins:maven-surefire-plugin:2.14.1:test (test) on project com.ibm.wala.core.tests: Execution test of goal org.apache.maven.plugins:maven-surefire-plugin:2.14.1:test failed: There was an error in the forked process
[ERROR] java.lang.NoClassDefFoundError: com/ibm/wala/util/graph/NumberedGraph
[ERROR] at java.lang.Class.getDeclaredMethods0(Native Method)
[ERROR] at java.lang.Class.privateGetDeclaredMethods(Class.java:2451)
[ERROR] at java.lang.Class.getMethod0(Class.java:2694)
[ERROR] at java.lang.Class.getMethod(Class.java:1622)
[ERROR] at org.apache.maven.surefire.util.ReflectionUtils.tryGetMethod(ReflectionUtils.java:57)
[ERROR] at org.apache.maven.surefire.common.junit3.JUnit3TestChecker.isSuiteOnly(JUnit3TestChecker.java:64)
[ERROR] at org.apache.maven.surefire.common.junit3.JUnit3TestChecker.isValidJUnit3Test(JUnit3TestChecker.java:59)
[ERROR] at org.apache.maven.surefire.common.junit3.JUnit3TestChecker.accept(JUnit3TestChecker.java:54)
[ERROR] at org.apache.maven.surefire.common.junit4.JUnit4TestChecker.accept(JUnit4TestChecker.java:51)
[ERROR] at org.apache.maven.surefire.util.DefaultScanResult.applyFilter(DefaultScanResult.java:97)
[ERROR] at org.apache.maven.surefire.junit4.JUnit4Provider.scanClassPath(JUnit4Provider.java:206)
[ERROR] at org.apache.maven.surefire.junit4.JUnit4Provider.invoke(JUnit4Provider.java:103)
[ERROR] at sun.reflect.NativeMethodAccessorImpl.invoke0(Native Method)
[ERROR] at sun.reflect.NativeMethodAccessorImpl.invoke(NativeMethodAccessorImpl.java:57)
[ERROR] at sun.reflect.DelegatingMethodAccessorImpl.invoke(DelegatingMethodAccessorImpl.java:43)
[ERROR] at java.lang.reflect.Method.invoke(Method.java:601)
[ERROR] at org.apache.maven.surefire.util.ReflectionUtils.invokeMethodWithArray2(ReflectionUtils.java:208)
```

However, if we run `mvn clean verify -DskipTests=true`, and then run `mvn clean verify`, the tests run fine and pass.  We should probably figure out what's going on here.
",closed,['Not going to worry about these Maven issues anymore']
64af4e102062b0a732814956,65,Use Arrays.toString() instead of the default array toString() method.,"The former will include the contents of the array, while the latter only includes the object's identity.

This will allow WALA to be compiled using Google's error-prone compiler (https://github.com/google/error-prone).
",closed,"[""It looks like we have some flakiness on Travis that is causing the CI build to fail.  This change looks good to me, so I'll merge.\n""]"
64af4e102062b0a7328145ee,939,Remove JUnit as an implementation dependence of cast.js,JUnit should only be required for tests.,closed,"[""Two CI tests failed with what look like transient network problems. I've restarted the CI test site."", ""Hmm, still failing. I'm not sure what broke here."", ""The alfresco Maven repo that we pull WSDT artifacts from is flaky. I've seen this before. Hopefully it'll fix itself in a bit. ""]"
64af4e102062b0a73281495c,59,`SSAInstruction` equals based on its `iindex`,"A small change fixing a lingering problem: #6.

In a nutshell, comparing `SSAInstruction`s based on object identity fails when comparing instructions created before a cache wipe with the corresponding instructions recreated after the wipe. Replacing the caching mechanism with a sturdier one which doesn't delete strongly-referenced objects would help, but we're not there yet. 

In the meantime, we can simply compare instructions based on the new `iindex` field. The field was not available when issue #6 was raised, but we have it now, so we might as well use it. There was no significant difference in speed running the tests on my machine after applying the patch (it was 5 seconds faster for a test running for over 10 min 30 sec). The only issue would be if someone, for some reason, compares `SSAInstruction`s between `IR`s, but this wouldn't make much sense, and it is not that easy to fix.

The first commit is a test revealing the issue. The second is the fix.
",closed,"[""This is strange. It didn't fail for my travis instance:\nhttps://travis-ci.org/cos/wala/builds/40612103\n\nAlso, as expected a97df8c, before the fix, fails:\nhttps://travis-ci.org/cos/wala/builds/40611021\n"", ""@cos Thanks for the patch!  I don't know why the Travis build failed either.  I'm trying to re-run it; sometimes Travis can be flaky.\n"", ""I'm seeing a weird regression test failure locally running JDK 1.7.0_72.  I opened #60 on that one.  Let's get that cleared up before merging this.  \n"", 'Merged.  @cos thanks for fixing this longstanding issue!\n']"
64af4e102062b0a732814948,79,Changes from the Joana team over the last months,"Hi (once again)!

Here are our fixes and changes (mainly) to the com.ibm.wala.dalvik project which we performed since since the merge in August '14.
We will probably switch our fork from jgf/WALA to this one so that it is really a fork of the main WALA repo, which should make contribution a lot easier. This could be a first step to eventually switching over to the main WALA repo.

This time, I ran the whole travis stuff on a clean git state and it worked.
",closed,"['This is strange, that error did not occur on my machine.\n', ""What I find even stranger is that it works now!!\nThere was exactly one test which failed:\nrunTest[DroidBench: /tmp/DroidBench/apk/Callbacks/Unregister1.apk](com.ibm.wala.dalvik.test.callGraph.droidbench.CallbacksTest)  Time elapsed: 1.75 sec  <<< FAILURE!\njava.lang.AssertionError: [< Application, Lde/ecspride/MainActivity$1, onClick(Landroid/view/View;)V >] should be empty\n(see log)\nWhile travis was running, I realized that I forgot to add logging libs to the eclipse project class path of the dalvik project, so I committed that. This resulted in a new pull request on which Travis ran through successfully...and I really don't know why because my commit did not have anything to do with fixing incomplete call graphs (at all!!)!\n"", ""@mohrm we've seen lots of flakiness on Travis before.  It could just be some non-determinism.  I'll look through these changes soon.  @juliandolby are we all set in terms of CLAs and the like?\n"", ""I agree, they are not needed anymore. I think, most of them were not removed in the merge of August and thus are still present. If you're okay with it, I can remove (most of) them.\n"", '@mohrm sure, you can remove the custom change comments on this PR, and we can remove other ones already in the codebase in a separate PR maybe.\n', 'BTW, feel free to just push more commits to the branch, which will update this pull request.  No need to close and open a new PR.\n', ""PR looks good to me.  I'll leave it to @juliandolby to merge once he's sure the CLA stuff is all fine\n""]"
64af4e102062b0a732814788,527,Retry failed downloads up to five times,"WALA downloads many things, and some of those are from slow or flaky servers that chronically time out.  The recent update of our Gradle download plugin finally gives us a tidy way to cope with this:  retrying failed downloads.

We could tweak this for each individual download task, but I think that's overkill.  Let’s start by simply retrying *any* failed download up to five times.",closed,[]
64af4e102062b0a732814787,528,Retry failed downloads up to five times,"WALA downloads many things, and some of those are from slow or flaky servers that chronically time out.  The [recent update of our Gradle download plugin](https://github.com/wala/WALA/pull/526) finally gives us a tidy way to cope with this:  retrying failed downloads.

We could tweak this for each individual download task, but I think that's overkill.  Let's start by simply retrying *any* failed download up to five times.",closed,[]
64af4e102062b0a7328144f5,1188,Simplify Alfresco Maven repository configuration,"@msridhar suggests that it may be possible to simplify or eliminate our configuration of an Alfresco Maven repository containing Eclipse JSDT packages:

> FWIW I think we stopped trying to build this project under Gradle since The Alfresco Maven repo was flaky; see #944.  Not sure if this changed recently.  If it hasn't, maybe there is some further cleanup possible?

_Originally posted by @msridhar in https://github.com/wala/WALA/pull/1184#discussion_r1059480850_",closed,"['@msridhar is right that we stopped using Gradle to build `com.ibm.wala.ide.jsdt` and `com.ibm.wala.ide.jsdt.tests` in #944. However, I accidentally restored using Gradle to build these two components in #1174, when porting our build logic from Groovy to Kotlin. So far, building these two packages using Gradle has been working just fine. So perhaps we should keep it that way.\r\n\r\nRecall that part of the justification for #944 was that ""The modules are still built and tested via the \'Maven Eclipse tests\' CI job"", which is no longer the case as of #1163. So if we don\'t build these components using Gradle either, then we\'re no longer building or testing them at all.\r\n\r\n@msridhar, what are your thoughts on this matter?', ""My concern is that the Alfresco repo will flake out again and break our builds.  We can leave things for now and wait and see if that happens.  If that does happen, I think our only option will be to stop building these projects entirely, at which point we might as well just delete the code from the master branch (possibly with a tag so that people can find it in the future).  But, we don't need to take immediate action."", 'That sounds like a sensible plan to me, @msridhar.']"
64af4e102062b0a7328147fe,409,Proposal: Google Java Format all the things,"I've found some recent code reviews to be hard to read due to inconsistent source code formatting in the repo.  I propose we use [Google Java Format](https://github.com/google/google-java-format) (GJF) to get rid of this problem for Java code.  The basic idea would be:

* Leverage the [GJF Gradle plugin](https://github.com/sherter/google-java-format-gradle-plugin) to run GJF and verify that code is formatted.
* Modify `gradlew` to install a Git pre-commit hook that formats code at commit time.  Once this is run once, auto-formatting should be automatic for developers.
* On CI, run `./gradlew verGJF` to ensure code is formatted correctly.
* Initially have one massive commit that reformats the whole repo.  (Anyone with outstanding changes will have to do a slightly tricky rebase, so this would have to be announced / coordinated properly.)

This is the setup we use with NullAway.  There are other setups like [pre-commit](https://pre-commit.com) that don't require hacking `gradlew` to install a pre-commit hook, but they require installation of a separate tool.

@liblit @juliandolby thoughts?  If we're on the same page I can put this together.",closed,"[""Overall: :+1:.\r\n\r\nI have only weak opinions about code formats, but a _strong_ opinion that whatever format is used must have good tool integration. GJF is available as a command-line tool, a Gradle plugin, an IntelliJ IDEA plugin, an Eclipse plugin, and more. That makes it a fine choice in my book.\r\n\r\n> Modify `gradlew` to install a Git pre-commit hook that formats code at commit time. Once this is run once, auto-formatting should be automatic for developers.\r\n\r\nI would expect that any modifications to `gradlew` will be overwritten the next time we upgrade Gradle. Remembering to restore our tweaks seems like a hassle. @msridhar, apparently you have found this to be reasonable in practice on other projects?\r\n\r\nWhy not install Git hooks under Gradle control as a task that can be run explicitly, or run implicitly as a dependency of other tasks? [This gist](https://gist.github.com/KenVanHoeylandt/c7a928426bce83ffab400ab1fd99054a) shows a nice way to do it by creating a Gradle task to do the work and having the standard `build` task depend on it. [This Gradle plugin](https://github.com/STAR-ZERO/gradle-githook) also looks helpful.\r\n\r\n> On CI, run `./gradlew verGJF` to ensure code is formatted correctly.\r\n\r\nAgreed. It would also be easy to hook that up so that it runs as part of `./gradlew build` along with all of our other tests. Literally just a one-line change to add `build.dependsOn verGJF` to the top-level `build.gradle`.\r\n\r\n> Initially have one massive commit that reformats the whole repo. (Anyone with outstanding changes will have to do a slightly tricky rebase, so this would have to be announced / coordinated properly.)\r\n\r\nI often have a backlog of pending code-janitor cleanups. As @msridhar has probably noticed by now, I typically space these out to have no more than one or two as pull requests awaiting review at any one time. I would like to drain my current queue before a mass reformatting. Right now I have #408 waiting for review from @juliandolby, and then three more cleanup batches waiting in line:\r\n\r\n1. Improved `JarFileModule` entry iteration.\r\n1. Fix 248 uses of raw types, leaving just 25 unfixed.\r\n1. Updates to IDE diagnostics configurations.\r\n\r\nI'd like to drain the first two before any mass-reformatting, _especially_ the second since it touches so much code. The third can happen either before or after, as it does not touch any Java code."", ""Thanks for the feedback, @liblit.  I'll look into a better Gradle integration than hacking `gradlew`, you're right that it's flaky.\r\n\r\n> Literally just a one-line change to add `build.dependsOn verGJF` to the top-level `build.gradle`.\r\n\r\nI think probably better to just add the `verGJF` task onto the CI gradle command (like [here](https://github.com/uber/NullAway/blob/master/.travis.yml#L18)).  If we make `build` depend on `verGJF` then you won't even be able to build locally until you've run the formatter.\r\n\r\nNo hurry on this, I can certainly wait until your outstanding changes are landed."", ""> I think probably better to just add the `verGJF` task onto the CI gradle command (like [here](https://github.com/uber/NullAway/blob/master/.travis.yml#L18)). If we make `build` depend on `verGJF` then you won't even be able to build locally until you've run the formatter.\r\n\r\nConfusingly, `build` is the Gradle lifecycle task that builds everything _and_ runs all tests. You would use `./gradlew assemble` to build everything without also running tests.\r\n\r\nIf checking formatting should be part of the automated test suite, then triggering that check as a dependency of `./gradlew build` is the right approach."", '> No hurry on this, I can certainly wait until your outstanding changes are landed.\r\n\r\nThanks, I appreciate that. For my part, I will postpone any further janitorial work until we either land the mass reformatting or decide not to. No sense adding to a queue that we may need to drain.', '> If checking formatting should be part of the automated test suite, then triggering that check as a dependency of `./gradlew build` is the right approach.\r\n\r\nI think we should only be checking formatting for code right before it is merged to master, not as part of the automated tests.  So tweaking things in the CI scripts seems like the right approach.  ', '> I think we should only be checking formatting for code right before it is merged to master, not as part of the automated tests. So tweaking things in the CI scripts seems like the right approach.\r\n\r\nOK with me.']"
64af4e102062b0a732814611,904,Limit how long Kawa call graph construction runs,"The `KawaCallGraphTest` tests take too long to run.  This adds a limit to how many fixed point iterations the call graph construction runs for, which yields enough runs to pass the assertions while making the tests terminate faster.  This may cause an unexpected failure later if we tweak the internals of our fixed point computations, but that code is pretty stable.  And this approach is less flaky than just setting a timeout, since our core fixed point code is pretty deterministic AFAIK.  Plus, I don't know enough about what is being tested here to reduce the input enough to make a fast-running unit test.",closed,[]
64af4e102062b0a7328147a2,501,Port change-version script to Bash,"I was feeling an urge to validate our Python code somehow, such as via flake8 or pychecker.  However, we only had one Python script in the entire project, and mostly what it did was run other subcommands. The easier path to validation, then, was to port this script from Python to Bash so that it can be checked by our existing `shellCheck` task.  The Bash version ends up being a few lines shorter, too.

Also, remove redundant version string in `build.gradle` We can pick this up from `gradle.properties`, so there’s no reason to record it twice.",closed,"['OK, I believe that the script is now Linux/macOS portable. However, I have no macOS box to test this on. @msridhar, your help with that would be much appreciated.', ""I ran on my Mac and the script exited successfully and seemed to do the right thing.  For further testing I suggest the following.\r\n\r\n* Run `./change-version.sh 1.5.4-SNAPSHOT 1.5.4`, push the result to Travis, and see that it passes.\r\n* Run `./change-version.sh 1.5.4-SNAPSHOT 1.5.5-SNAPSHOT`, push the result to Travis, and see that it passes.\r\n\r\nThat will give us confidence that everything is working on Linux and Mac.  It may seem finicky, but I've run into a lot of flaky problems in the past when these version numbers became inconsistent."", '@msridhar requested:\r\n> * Run `./change-version.sh 1.5.4-SNAPSHOT 1.5.4`, push the result to Travis, and see that it passes.\r\n\r\nDone. [It passes.](https://travis-ci.org/liblit/WALA/builds/534349240)\r\n\r\n> * Run `./change-version.sh 1.5.4-SNAPSHOT 1.5.5-SNAPSHOT`, push the result to Travis, and see that it passes.\r\n\r\nDone. [It passes.](https://travis-ci.org/liblit/WALA/builds/534354930)']"
64af4e102062b0a7328146d1,712,"Move ""hello_hash.jar"" out of ""build"" and commit to repo","We use OCaml-Java to build `com.ibm.wala.core/ocaml/hello_hash.jar`. But downloading OCaml-Java is slow and flaky. So we’ve decided to commit the generated `hello_hash.jar` to the source repository. If that file exists, then we skip regenerating it, which transitively means we skip downloading OCaml-Java.

If `hello_hash.jar` is missing, then we still download OCaml-Java and rebuild `hello_hash.jar` as before. Additionally, running `./gradlew :com.ibm.wala.core:generateHelloHashJar` will rebuild this file if needed, such as if it is missing or is older than any of its transitive dependencies.

I initially thought that [`Task.outputs.upToDateWhen`](https://docs.gradle.org/current/javadoc/org/gradle/api/tasks/TaskOutputs.html#upToDateWhen-groovy.lang.Closure-) or [`Task.onlyIf`](https://docs.gradle.org/current/javadoc/org/gradle/api/Task.html#onlyIf-groovy.lang.Closure-) would be a suitable way to implement this, but [neither did what I wanted](https://discuss.gradle.org/t/short-circuit-dependency-chain-if-task-outputs-exist/35101).

Fixes #710.",closed,[]
64af4e102062b0a732814707,656,Bump rhino from 1.7.11 to 1.7.12,"Bumps [rhino](https://github.com/mozilla/rhino) from 1.7.11 to 1.7.12.
<details>
<summary>Release notes</summary>
<p><em>Sourced from <a href=""https://github.com/mozilla/rhino/releases"">rhino's releases</a>.</em></p>
<blockquote>
<h2>Rhino 1.7.12</h2>
<h3>XML external entities disabled by default</h3>
<p>As of this release, Rhino makes &quot;XML external entity injections&quot; more difficult
by disabling fetching of external DTDs and stylesheets by default,
as recommended in the (OWASP Cheat Sheet)
[https://github.com/OWASP/CheatSheetSeries/blob/master/cheatsheets/XML_External_Entity_Prevention_Cheat_Sheet.md].
Even though this may break some existing projects, the fact that this
vulnerability is in the OWASP top 10 makes it important enough to change
the default.</p>
<p>Developers who still need this old capability can re-enable it by setting the
Context feature flag FEATURE_ENABLE_XML_SECURE_PARSING to false. (The default
is true.)</p>
<h3>New JAR for embedding use cases</h3>
<p>This release also includes a second JAR artifact, &quot;rhino-runtime.jar&quot;. This is
simply the existing Rhino JAR with the &quot;tools&quot; source directory excluded.
This directory includes the Rhino shell as well as the default &quot;Global&quot;
object, which includes capabilities to load and process external source
code.</p>
<p>Since some automated source-scanning tools mark these capabilties as insecure,
this new JAR provides a way to only include the parts of Rhino that embedders
typically need without pulling in additional capabilities.</p>
<p>Developers who typically embed &quot;rhino.jar&quot; might consider embedding &quot;rhino-runtime.jar&quot;
instead if they do not need all this.</p>
<p>Thanks to the following developers for the contributions below!</p>
<p>Aditya Pal (1):</p>
<ul>
<li>
<pre><code>Fix syntax error for comments in array ([#607](https://github.com/mozilla/rhino/issues/607))
</code></pre>
</li>
</ul>
<p>Chris Smith (1):</p>
<ul>
<li>
<pre><code>Adding secure configuration for XML parsers ([#600](https://github.com/mozilla/rhino/issues/600))
</code></pre>
</li>
</ul>
<p>Gregory Brail (12):</p>
<ul>
<li>
<pre><code>Update versions for 1.7.12 release.
</code></pre>
</li>
<li>
<pre><code>Fix a code generation bug for generators.
</code></pre>
</li>
<li>
<pre><code>Fix &quot;fall through&quot; comment.
</code></pre>
</li>
<li>
<pre><code>Fix static analysis around NaN values.
</code></pre>
</li>
<li>
<pre><code>More isNaN fixes and one rounding bug.
</code></pre>
</li>
<li>
<pre><code>Make XML processor configuration more robust.
</code></pre>
</li>
<li>
<pre><code>Enable SpotBugs plugin.
</code></pre>
</li>
<li>
<pre><code>Fix minor static analysis findings.
</code></pre>
</li>
<li>
<pre><code>Increase Travis timeout.
</code></pre>
</li>
<li>
<pre><code>Disable more flaky &quot;BigO&quot; tests.
</code></pre>
</li>
<li>
<pre><code>Fix handling of &quot;return&quot; in iterators.
</code></pre>
</li>
</ul>
</tr></table> ... (truncated)
</blockquote>
</details>
<details>
<summary>Changelog</summary>
<p><em>Sourced from <a href=""https://github.com/mozilla/rhino/blob/master/RELEASE-NOTES.md"">rhino's changelog</a>.</em></p>
<blockquote>
<h1>Rhino 1.7.12</h1>
<h2>January 13, 2020</h2>
<h3>XML external entities disabled by default</h3>
<p>As of this release, Rhino makes &quot;XML external entity injections&quot; more difficult
by disabling fetching of external DTDs and stylesheets by default,
as recommended in the (OWASP Cheat Sheet)
[https://github.com/OWASP/CheatSheetSeries/blob/master/cheatsheets/XML_External_Entity_Prevention_Cheat_Sheet.md].
Even though this may break some existing projects, the fact that this
vulnerability is in the OWASP top 10 makes it important enough to change
the default.</p>
<p>Developers who still need this old capability can re-enable it by setting the
Context feature flag FEATURE_ENABLE_XML_SECURE_PARSING to false. (The default
is true.)</p>
<h3>New JAR for embedding use cases</h3>
<p>This release also includes a second JAR artifact, &quot;rhino-runtime.jar&quot;. This is
simply the existing Rhino JAR with the &quot;tools&quot; source directory excluded.
This directory includes the Rhino shell as well as the default &quot;Global&quot;
object, which includes capabilities to load and process external source
code.</p>
<p>Since some automated source-scanning tools mark these capabilties as insecure,
this new JAR provides a way to only include the parts of Rhino that embedders
typically need without pulling in additional capabilities.</p>
<p>Developers who typically embed &quot;rhino.jar&quot; might consider embedding &quot;rhino-runtime.jar&quot;
instead if they do not need all this.</p>
<p>Thanks to the following developers for the contributions below!</p>
<p>Aditya Pal (1):</p>
<ul>
<li>
<pre><code>Fix syntax error for comments in array ([#607](https://github.com/mozilla/rhino/issues/607))
</code></pre>
</li>
</ul>
<p>Chris Smith (1):</p>
<ul>
<li>
<pre><code>Adding secure configuration for XML parsers ([#600](https://github.com/mozilla/rhino/issues/600))
</code></pre>
</li>
</ul>
<p>Gregory Brail (12):</p>
<ul>
<li>
<pre><code>Update versions for 1.7.12 release.
</code></pre>
</li>
<li>
<pre><code>Fix a code generation bug for generators.
</code></pre>
</li>
<li>
<pre><code>Fix &quot;fall through&quot; comment.
</code></pre>
</li>
<li>
<pre><code>Fix static analysis around NaN values.
</code></pre>
</li>
<li>
<pre><code>More isNaN fixes and one rounding bug.
</code></pre>
</li>
<li>
<pre><code>Make XML processor configuration more robust.
</code></pre>
</li>
<li>
<pre><code>Enable SpotBugs plugin.
</code></pre>
</li>
<li>
<pre><code>Fix minor static analysis findings.
</code></pre>
</li>
<li>
<pre><code>Increase Travis timeout.
</code></pre>
</li>
</ul>
</tr></table> ... (truncated)
</blockquote>
</details>
<details>
<summary>Commits</summary>
<ul>
<li>See full diff in <a href=""https://github.com/mozilla/rhino/commits"">compare view</a></li>
</ul>
</details>
<br />


[![Dependabot compatibility score](https://api.dependabot.com/badges/compatibility_score?dependency-name=org.mozilla:rhino&package-manager=gradle&previous-version=1.7.11&new-version=1.7.12)](https://dependabot.com/compatibility-score.html?dependency-name=org.mozilla:rhino&package-manager=gradle&previous-version=1.7.11&new-version=1.7.12)

Dependabot will resolve any conflicts with this PR as long as you don't alter it yourself. You can also trigger a rebase manually by commenting `@dependabot rebase`.

[//]: # (dependabot-automerge-start)
[//]: # (dependabot-automerge-end)

---

<details>
<summary>Dependabot commands and options</summary>
<br />

You can trigger Dependabot actions by commenting on this PR:
- `@dependabot rebase` will rebase this PR
- `@dependabot recreate` will recreate this PR, overwriting any edits that have been made to it
- `@dependabot merge` will merge this PR after your CI passes on it
- `@dependabot squash and merge` will squash and merge this PR after your CI passes on it
- `@dependabot cancel merge` will cancel a previously requested merge and block automerging
- `@dependabot reopen` will reopen this PR if it is closed
- `@dependabot close` will close this PR and stop Dependabot recreating it. You can achieve the same result by closing it manually
- `@dependabot ignore this major version` will close this PR and stop Dependabot creating any more for this major version (unless you reopen the PR or upgrade to it yourself)
- `@dependabot ignore this minor version` will close this PR and stop Dependabot creating any more for this minor version (unless you reopen the PR or upgrade to it yourself)
- `@dependabot ignore this dependency` will close this PR and stop Dependabot creating any more for this dependency (unless you reopen the PR or upgrade to it yourself)
- `@dependabot use these labels` will set the current labels as the default for future PRs for this repo and language
- `@dependabot use these reviewers` will set the current reviewers as the default for future PRs for this repo and language
- `@dependabot use these assignees` will set the current assignees as the default for future PRs for this repo and language
- `@dependabot use this milestone` will set the current milestone as the default for future PRs for this repo and language
- `@dependabot badge me` will comment on this PR with code to add a ""Dependabot enabled"" badge to your readme

Additionally, you can set the following in your Dependabot [dashboard](https://app.dependabot.com):
- Update frequency (including time of day and day of week)
- Pull request limits (per update run and/or open at any time)
- Out-of-range updates (receive only lockfile updates, if desired)
- Security updates (receive only security updates, if desired)



</details>",closed,"[""@msridhar, the initial upgrade trouble here involved a call to `Parser.parse(Reader, String, int)`. Rhino 1.7.12 deprecates this method, and the corresponding Javadoc recommends replacing it with `Parser.parse(String, String, int)`. That first `String` argument is the entire contents of what previously would have been read from the `Reader` argument. I am not thrilled with reading everything into memory, but I don't know whether that's a serious concern in practice. Your thoughts?"", ""Reading everything into memory at once should be fine.  Given the type of analysis WALA typically does after parsing, I'm pretty sure the `String` version of the script will not significantly impact overall memory usage.""]"
