_id,id,title,body,state,comments
64af3f5d2b3e3841897b09cc,583,Nondeterministic Results from DataFlowSolver Flow Insensitive.,"Hello,

I have recently been using Flowdroid and noticed what I think could be an issue in the option -ds FLOWINSENSITIVE.

### Description
Originally, I was investigating the Flowdroid commit 72734bd629dfae2aacaf6e6973abfe73d035c979 but I have confirmed that a similar behaviour is present in the more recent commit f29b1d77221b7a44fe1e157aca7d96f5bebbc299. When running the command line Flowdroid with the command java -jar ../soot-infoflow-cmd-jar-with-dependencies.jar -a 'apk' -s .... -p ... -ds FLOWINSENSITIVE where the apk is produced from [this](https://github.com/Pancax/droidbench_android_projects/tree/main/AnonymousClass1) (this project is actually AnonymousClass1 from Droidbench, modified slightly to build with Gradle and should produce an equivalent APK to the original) - I receive nondeterministic results from Flowdroid. I have observered this behaviour across multiple machines, on both Mac and Ubuntu (and in Docker containers).


### Results

Running Flowdroid (on Ubuntu 22.04) 20 times with the above configuration results in
- 8 runs output finding 1 leak from getLatitude() -> log.i() in onResume()
- 11 runs output finding 1 leak from getLongitude() -> log.i() in onResume()
- 1 run outputs finding 2 leaks (both the previous flows together)

### Thoughts

All of these flows are True Positives in the AnonymousClass1 project, I don't think this is the expected behaviour but I could be wrong, is this expected?

I cannot pinpoint exactly what is causing this behaviour because I have only a basic understanding of the solver code. From my investigation, whenever I modified Flowdroid's code (in the older commit, have not tried this on the later commit) to ignore using threads the results then became deterministic (20 runs & 20 outputs that were all getLongitude() -> log.i() in onResume()). This is, naturally, expected because using only 1 thread makes the order we propagate taint consistent but I am struggling to even understand how this could be the case.
I would think that the order we process edges does not matter, we should still end up with the same flows at the end?

",closed,"['FlowDroid should deliver deterministic results even in the multi-threaded case. However, we know that there is a strange bug somewhere. @timll has been investigating a flaky test case that sometimes returns one result (which is correct), and sometimes returns no result at all. Unfortunately, we have not yet fully understood why this happens.\r\n\r\nWhat we know so far:\r\n* The problem also happens in the context-sensitive variant of the FastSolver.\r\n* If we synchronize the path reconstruction, the problem still shows. That means the different must be in the input to the path reconstructor, i.e., the taint graph itself, i.e., the output of the IFDS solver.\r\n* The taints that arrive at the sink are indeed different, but that is expected.\r\n\r\nSome variability in the taints is expected. Each abstraction records its predecessor and a set of neighbors, each of which also has a predecessor. That means you can have equivalent taint graphs by moving between predecessors of the taint at the sink and predecessors of neighbors of that sink. It\'s conceptually the same, but the structure (i.e., what becomes ""main"" abstraction and what becomes a neighbor) is timing-dependent.\r\n\r\nThis makes debugging the analysis harder, because we can\'t just check for graph equivalence. We have different graphs, and sometimes traversing one of these graphs leads to fewer paths between sinks and sources (reconstruction is bottom-up). We\'re still thinking about a good way to really understand what the differences are (aside from the expected re-organization I mentioned). Only then, we can look into why these differences occur.\r\n\r\nIf we reduce the thread count to one, we deterministically get the same taint graph. However, this graph (as you have also found) seems to be correct consistently, i.e., doesn\'t help us with understanding the problem at hand.\r\n\r\nIf you have a new APK file (which is not yet part of our test suite) that exhibits a similar behavior, we can try to look into the problem again based on your APK.']"
64af3f5d2b3e3841897b0b6e,164,Flowdroid Report Different Set of Flows On Same Analysis,"Hi, it seems like Flowdroid is not deterministic. Running the same analysis (for the same APK) reports a different set of sources and sinks. For example, I am running Flowdroid with its ""pro-performace"" configuration (using EasyTaintWrapper) 
`java -jar Flowdroid.jar -apk /path/to/apk.apk -p ~/Android/Sdk/platforms/ -tw easy -t tmp/flowdroid-workspace/EasyTaintWrapperSource.txt  -s  /home/clod/tmp/flowdroid-workspace/general_source_sinks.txt -ne -af -al 3 -ca FAST -nc -ns  -o out.xml`
 and I get the following two runs:

```
[main] INFO soot.jimple.infoflow.memory.MemoryWarningSystem - Shutting down the memory warning system...
[main] INFO soot.jimple.infoflow.android.SetupApplication$InPlaceInfoflow - Memory consumption after path building: 164 MB
[main] INFO soot.jimple.infoflow.android.SetupApplication$InPlaceInfoflow - Path reconstruction took 1 seconds
[main] INFO soot.jimple.infoflow.android.SetupApplication$InPlaceInfoflow - The sink virtualinvoke $r5.<java.io.ByteArrayOutputStream: void write(byte[])>($r6) in method <com.heyzap.http.SimpleMultipartEntity: void addPart(java.lang.String,java.lang.String,java.lang.String)> was called with values from the following sources:
[main] INFO soot.jimple.infoflow.android.SetupApplication$InPlaceInfoflow - - $r5 = virtualinvoke $r3.<java.util.Locale: java.lang.String getCountry()>() in method <com.heyzap.internal.Utils: java.util.HashMap extraParams(android.content.Context)>
[main] INFO soot.jimple.infoflow.android.SetupApplication$InPlaceInfoflow - The sink staticinvoke <android.util.Log: int e(java.lang.String,java.lang.String,java.lang.Throwable)>($r0, $r1, $r2) in method <com.startapp.android.publish.h.l: void b(java.lang.String,int,java.lang.String,java.lang.Throwable)> was called with values from the following sources:
[main] INFO soot.jimple.infoflow.android.SetupApplication$InPlaceInfoflow - - $i0 = virtualinvoke $r5.<android.telephony.gsm.GsmCellLocation: int getCid()>() in method <com.startapp.android.publish.model.BaseRequest: void fillNetworkOperatorDetails(android.content.Context,android.telephony.TelephonyManager)>
[main] INFO soot.jimple.infoflow.android.SetupApplication$InPlaceInfoflow - - $r6 = virtualinvoke $r2.<android.location.LocationManager: android.location.Location getLastKnownLocation(java.lang.String)>($r5) in method <com.startapp.android.publish.h.k: android.location.Location a(android.content.Context)>
[main] INFO soot.jimple.infoflow.android.SetupApplication$InPlaceInfoflow - - $d0 = virtualinvoke $r5.<android.location.Location: double getLatitude()>() in method <com.startapp.android.publish.model.GetAdRequest: void fillLocationDetails(com.startapp.android.publish.model.AdPreferences,android.content.Context)>
[main] INFO soot.jimple.infoflow.android.SetupApplication$InPlaceInfoflow - - $i0 = virtualinvoke $r5.<android.telephony.gsm.GsmCellLocation: int getLac()>() in method <com.startapp.android.publish.model.BaseRequest: void fillNetworkOperatorDetails(android.content.Context,android.telephony.TelephonyManager)>
[main] INFO soot.jimple.infoflow.android.SetupApplication$InPlaceInfoflow - - $r7 = virtualinvoke $r6.<android.net.wifi.WifiInfo: java.lang.String getSSID()>() in method <com.startapp.android.publish.model.BaseRequest: void fillWifiDetails(android.content.Context)>
[main] INFO soot.jimple.infoflow.android.SetupApplication$InPlaceInfoflow - - $d0 = virtualinvoke $r5.<android.location.Location: double getLongitude()>() in method <com.startapp.android.publish.model.GetAdRequest: void fillLocationDetails(com.startapp.android.publish.model.AdPreferences,android.content.Context)>
[main] INFO soot.jimple.infoflow.android.SetupApplication$InPlaceInfoflow - The sink staticinvoke <android.util.Log: int v(java.lang.String,java.lang.String,java.lang.Throwable)>($r0, $r1, $r2) in method <com.startapp.android.publish.h.l: void b(java.lang.String,int,java.lang.String,java.lang.Throwable)> was called with values from the following sources:
[main] INFO soot.jimple.infoflow.android.SetupApplication$InPlaceInfoflow - - $i0 = virtualinvoke $r5.<android.telephony.gsm.GsmCellLocation: int getCid()>() in method <com.startapp.android.publish.model.BaseRequest: void fillNetworkOperatorDetails(android.content.Context,android.telephony.TelephonyManager)>
[main] INFO soot.jimple.infoflow.android.SetupApplication$InPlaceInfoflow - - $r6 = virtualinvoke $r2.<android.location.LocationManager: android.location.Location getLastKnownLocation(java.lang.String)>($r5) in method <com.startapp.android.publish.h.k: android.location.Location a(android.content.Context)>
[main] INFO soot.jimple.infoflow.android.SetupApplication$InPlaceInfoflow - - $d0 = virtualinvoke $r5.<android.location.Location: double getLatitude()>() in method <com.startapp.android.publish.model.GetAdRequest: void fillLocationDetails(com.startapp.android.publish.model.AdPreferences,android.content.Context)>
[main] INFO soot.jimple.infoflow.android.SetupApplication$InPlaceInfoflow - - $i0 = virtualinvoke $r5.<android.telephony.gsm.GsmCellLocation: int getLac()>() in method <com.startapp.android.publish.model.BaseRequest: void fillNetworkOperatorDetails(android.content.Context,android.telephony.TelephonyManager)>
[main] INFO soot.jimple.infoflow.android.SetupApplication$InPlaceInfoflow - - $r7 = virtualinvoke $r6.<android.net.wifi.WifiInfo: java.lang.String getSSID()>() in method <com.startapp.android.publish.model.BaseRequest: void fillWifiDetails(android.content.Context)>
[main] INFO soot.jimple.infoflow.android.SetupApplication$InPlaceInfoflow - - $d0 = virtualinvoke $r5.<android.location.Location: double getLongitude()>() in method <com.startapp.android.publish.model.GetAdRequest: void fillLocationDetails(com.startapp.android.publish.model.AdPreferences,android.content.Context)>
[main] INFO soot.jimple.infoflow.android.SetupApplication$InPlaceInfoflow - The sink virtualinvoke $r5.<java.io.ByteArrayOutputStream: void write(byte[])>($r6) in method <com.heyzap.http.SimpleMultipartEntity: void addPart(java.lang.String,java.lang.String,java.lang.String)> was called with values from the following sources:
[main] INFO soot.jimple.infoflow.android.SetupApplication$InPlaceInfoflow - - $r5 = virtualinvoke $r3.<java.util.Locale: java.lang.String getCountry()>() in method <com.heyzap.internal.Utils: java.util.HashMap extraParams(android.content.Context)>
[main] INFO soot.jimple.infoflow.android.SetupApplication$InPlaceInfoflow - The sink virtualinvoke $r9.<java.io.Writer: void write(char[],int,int)>($r10, 0, $i0) in method <com.startapp.android.publish.h.n: boolean a(android.content.Context,java.lang.String,java.util.Map,java.lang.StringBuilder)> was called with values from the following sources:
[main] INFO soot.jimple.infoflow.android.SetupApplication$InPlaceInfoflow - - $r8 = virtualinvoke $r5.<java.net.HttpURLConnection: java.io.InputStream getInputStream()>() in method <com.startapp.android.publish.h.n: boolean a(android.content.Context,java.lang.String,java.util.Map,java.lang.StringBuilder)>
[main] INFO soot.jimple.infoflow.android.SetupApplication$InPlaceInfoflow - The sink virtualinvoke $r5.<java.io.ByteArrayOutputStream: void write(byte[])>($r6) in method <com.heyzap.http.SimpleMultipartEntity: void addPart(java.lang.String,java.lang.String,java.lang.String)> was called with values from the following sources:
[main] INFO soot.jimple.infoflow.android.SetupApplication$InPlaceInfoflow - - $r5 = virtualinvoke $r3.<java.util.Locale: java.lang.String getCountry()>() in method <com.heyzap.internal.Utils: java.util.HashMap extraParams(android.content.Context)>
[main] INFO soot.jimple.infoflow.android.SetupApplication$InPlaceInfoflow - The sink virtualinvoke $r7.<java.io.ByteArrayOutputStream: void write(byte[])>($r5) in method <com.heyzap.http.SimpleMultipartEntity: void addPart(java.lang.String,java.lang.String,java.io.InputStream,java.lang.String)> was called with values from the following sources:
[main] INFO soot.jimple.infoflow.android.SetupApplication$InPlaceInfoflow - - $r5 = virtualinvoke $r3.<java.util.Locale: java.lang.String getCountry()>() in method <com.heyzap.internal.Utils: java.util.HashMap extraParams(android.content.Context)>
[main] INFO soot.jimple.infoflow.android.SetupApplication$InPlaceInfoflow - The sink virtualinvoke $r5.<java.io.ByteArrayOutputStream: void write(byte[])>($r6) in method <com.heyzap.http.SimpleMultipartEntity: void addPart(java.lang.String,java.lang.String,java.lang.String)> was called with values from the following sources:
[main] INFO soot.jimple.infoflow.android.SetupApplication$InPlaceInfoflow - - $r5 = virtualinvoke $r3.<java.util.Locale: java.lang.String getCountry()>() in method <com.heyzap.internal.Utils: java.util.HashMap extraParams(android.content.Context)>
[main] INFO soot.jimple.infoflow.android.SetupApplication$InPlaceInfoflow - The sink staticinvoke <android.util.Log: int d(java.lang.String,java.lang.String)>($r1, $r0) in method <com.heyzap.internal.Logger: void debug(java.lang.String)> was called with values from the following sources:
[main] INFO soot.jimple.infoflow.android.SetupApplication$InPlaceInfoflow - - $r5 = virtualinvoke $r0.<com.heyzap.house.abstr.AbstractActivity: android.content.Intent getIntent()>() in method <com.heyzap.house.abstr.AbstractActivity: void onCreate(android.os.Bundle)>
[main] INFO soot.jimple.infoflow.android.SetupApplication$InPlaceInfoflow - - $r5 = virtualinvoke $r3.<java.util.Locale: java.lang.String getCountry()>() in method <com.heyzap.internal.Utils: java.util.HashMap extraParams(android.content.Context)>
[main] INFO soot.jimple.infoflow.android.SetupApplication$InPlaceInfoflow - Data flow solver took 5 seconds. Maximum memory consumption: 143 MB
[main] INFO soot.jimple.infoflow.android.SetupApplication - Found 9 leaks
```

and, for instance:

```
[main] INFO soot.jimple.infoflow.memory.MemoryWarningSystem - Shutting down the memory warning system...
[main] INFO soot.jimple.infoflow.android.SetupApplication$InPlaceInfoflow - Memory consumption after path building: 165 MB
[main] INFO soot.jimple.infoflow.android.SetupApplication$InPlaceInfoflow - Path reconstruction took 2 seconds
[main] INFO soot.jimple.infoflow.android.SetupApplication$InPlaceInfoflow - The sink virtualinvoke $r9.<java.io.Writer: void write(char[],int,int)>($r10, 0, $i0) in method <com.startapp.android.publish.h.n: boolean a(android.content.Context,java.lang.String,java.util.Map,java.lang.StringBuilder)> was called with values from the following sources:
[main] INFO soot.jimple.infoflow.android.SetupApplication$InPlaceInfoflow - - $r8 = virtualinvoke $r5.<java.net.HttpURLConnection: java.io.InputStream getInputStream()>() in method <com.startapp.android.publish.h.n: boolean a(android.content.Context,java.lang.String,java.util.Map,java.lang.StringBuilder)>
[main] INFO soot.jimple.infoflow.android.SetupApplication$InPlaceInfoflow - The sink virtualinvoke $r5.<java.io.ByteArrayOutputStream: void write(byte[])>($r6) in method <com.heyzap.http.SimpleMultipartEntity: void addPart(java.lang.String,java.lang.String,java.lang.String)> was called with values from the following sources:
[main] INFO soot.jimple.infoflow.android.SetupApplication$InPlaceInfoflow - - $r5 = virtualinvoke $r3.<java.util.Locale: java.lang.String getCountry()>() in method <com.heyzap.internal.Utils: java.util.HashMap extraParams(android.content.Context)>
[main] INFO soot.jimple.infoflow.android.SetupApplication$InPlaceInfoflow - The sink staticinvoke <android.util.Log: int e(java.lang.String,java.lang.String,java.lang.Throwable)>($r0, $r1, $r2) in method <com.startapp.android.publish.h.l: void b(java.lang.String,int,java.lang.String,java.lang.Throwable)> was called with values from the following sources:
[main] INFO soot.jimple.infoflow.android.SetupApplication$InPlaceInfoflow - - $i0 = virtualinvoke $r5.<android.telephony.gsm.GsmCellLocation: int getCid()>() in method <com.startapp.android.publish.model.BaseRequest: void fillNetworkOperatorDetails(android.content.Context,android.telephony.TelephonyManager)>
[main] INFO soot.jimple.infoflow.android.SetupApplication$InPlaceInfoflow - - $r6 = virtualinvoke $r2.<android.location.LocationManager: android.location.Location getLastKnownLocation(java.lang.String)>($r5) in method <com.startapp.android.publish.h.k: android.location.Location a(android.content.Context)>
[main] INFO soot.jimple.infoflow.android.SetupApplication$InPlaceInfoflow - - $d0 = virtualinvoke $r5.<android.location.Location: double getLatitude()>() in method <com.startapp.android.publish.model.GetAdRequest: void fillLocationDetails(com.startapp.android.publish.model.AdPreferences,android.content.Context)>
[main] INFO soot.jimple.infoflow.android.SetupApplication$InPlaceInfoflow - - $i0 = virtualinvoke $r5.<android.telephony.gsm.GsmCellLocation: int getLac()>() in method <com.startapp.android.publish.model.BaseRequest: void fillNetworkOperatorDetails(android.content.Context,android.telephony.TelephonyManager)>
[main] INFO soot.jimple.infoflow.android.SetupApplication$InPlaceInfoflow - - $r7 = virtualinvoke $r6.<android.net.wifi.WifiInfo: java.lang.String getSSID()>() in method <com.startapp.android.publish.model.BaseRequest: void fillWifiDetails(android.content.Context)>
[main] INFO soot.jimple.infoflow.android.SetupApplication$InPlaceInfoflow - - $d0 = virtualinvoke $r5.<android.location.Location: double getLongitude()>() in method <com.startapp.android.publish.model.GetAdRequest: void fillLocationDetails(com.startapp.android.publish.model.AdPreferences,android.content.Context)>
[main] INFO soot.jimple.infoflow.android.SetupApplication$InPlaceInfoflow - The sink staticinvoke <android.util.Log: int v(java.lang.String,java.lang.String,java.lang.Throwable)>($r0, $r1, $r2) in method <com.startapp.android.publish.h.l: void b(java.lang.String,int,java.lang.String,java.lang.Throwable)> was called with values from the following sources:
[main] INFO soot.jimple.infoflow.android.SetupApplication$InPlaceInfoflow - - $i0 = virtualinvoke $r5.<android.telephony.gsm.GsmCellLocation: int getCid()>() in method <com.startapp.android.publish.model.BaseRequest: void fillNetworkOperatorDetails(android.content.Context,android.telephony.TelephonyManager)>
[main] INFO soot.jimple.infoflow.android.SetupApplication$InPlaceInfoflow - - $r6 = virtualinvoke $r2.<android.location.LocationManager: android.location.Location getLastKnownLocation(java.lang.String)>($r5) in method <com.startapp.android.publish.h.k: android.location.Location a(android.content.Context)>
[main] INFO soot.jimple.infoflow.android.SetupApplication$InPlaceInfoflow - - $d0 = virtualinvoke $r5.<android.location.Location: double getLatitude()>() in method <com.startapp.android.publish.model.GetAdRequest: void fillLocationDetails(com.startapp.android.publish.model.AdPreferences,android.content.Context)>
[main] INFO soot.jimple.infoflow.android.SetupApplication$InPlaceInfoflow - - $i0 = virtualinvoke $r5.<android.telephony.gsm.GsmCellLocation: int getLac()>() in method <com.startapp.android.publish.model.BaseRequest: void fillNetworkOperatorDetails(android.content.Context,android.telephony.TelephonyManager)>
[main] INFO soot.jimple.infoflow.android.SetupApplication$InPlaceInfoflow - - $r7 = virtualinvoke $r6.<android.net.wifi.WifiInfo: java.lang.String getSSID()>() in method <com.startapp.android.publish.model.BaseRequest: void fillWifiDetails(android.content.Context)>
[main] INFO soot.jimple.infoflow.android.SetupApplication$InPlaceInfoflow - - $d0 = virtualinvoke $r5.<android.location.Location: double getLongitude()>() in method <com.startapp.android.publish.model.GetAdRequest: void fillLocationDetails(com.startapp.android.publish.model.AdPreferences,android.content.Context)>
[main] INFO soot.jimple.infoflow.android.SetupApplication$InPlaceInfoflow - The sink virtualinvoke $r5.<java.io.ByteArrayOutputStream: void write(byte[])>($r6) in method <com.heyzap.http.SimpleMultipartEntity: void addPart(java.lang.String,java.lang.String,java.lang.String)> was called with values from the following sources:
[main] INFO soot.jimple.infoflow.android.SetupApplication$InPlaceInfoflow - - $r5 = virtualinvoke $r3.<java.util.Locale: java.lang.String getCountry()>() in method <com.heyzap.internal.Utils: java.util.HashMap extraParams(android.content.Context)>
[main] INFO soot.jimple.infoflow.android.SetupApplication$InPlaceInfoflow - The sink virtualinvoke $r5.<java.io.ByteArrayOutputStream: void write(byte[])>($r6) in method <com.heyzap.http.SimpleMultipartEntity: void addPart(java.lang.String,java.lang.String,java.lang.String)> was called with values from the following sources:
[main] INFO soot.jimple.infoflow.android.SetupApplication$InPlaceInfoflow - - $r5 = virtualinvoke $r3.<java.util.Locale: java.lang.String getCountry()>() in method <com.heyzap.internal.Utils: java.util.HashMap extraParams(android.content.Context)>
[main] INFO soot.jimple.infoflow.android.SetupApplication$InPlaceInfoflow - The sink virtualinvoke $r5.<java.io.ByteArrayOutputStream: void write(byte[])>($r6) in method <com.heyzap.http.SimpleMultipartEntity: void addPart(java.lang.String,java.lang.String,java.lang.String)> was called with values from the following sources:
[main] INFO soot.jimple.infoflow.android.SetupApplication$InPlaceInfoflow - - $r5 = virtualinvoke $r3.<java.util.Locale: java.lang.String getCountry()>() in method <com.heyzap.internal.Utils: java.util.HashMap extraParams(android.content.Context)>
[main] INFO soot.jimple.infoflow.android.SetupApplication$InPlaceInfoflow - The sink staticinvoke <android.util.Log: int d(java.lang.String,java.lang.String)>($r1, $r0) in method <com.heyzap.internal.Logger: void debug(java.lang.String)> was called with values from the following sources:
[main] INFO soot.jimple.infoflow.android.SetupApplication$InPlaceInfoflow - - $r5 = virtualinvoke $r0.<com.heyzap.house.abstr.AbstractActivity: android.content.Intent getIntent()>() in method <com.heyzap.house.abstr.AbstractActivity: void onCreate(android.os.Bundle)>
[main] INFO soot.jimple.infoflow.android.SetupApplication$InPlaceInfoflow - - $r5 = virtualinvoke $r3.<java.util.Locale: java.lang.String getCountry()>() in method <com.heyzap.internal.Utils: java.util.HashMap extraParams(android.content.Context)>
[main] INFO soot.jimple.infoflow.android.SetupApplication$InPlaceInfoflow - Data flow solver took 5 seconds. Maximum memory consumption: 144 MB
[main] INFO soot.jimple.infoflow.android.SetupApplication - Found 8 leaks
```
It varies with multiple runs. I have tried different configurations and all of them at some point present the same issue (the more precise, the rarer it is). Is non-determinism to be expected? I know there was an issue similar to this at some point in the past (https://github.com/secure-software-engineering/soot-infoflow-android/issues/31). It is somehow related?

The following is the SHA256 of the apk I am analysing: `9E4E75F510F76C4E4376A9AD6FD01843EA3F0F53CB9B3AEBDD3EBC6DC0A72C1D`


 ",open,"['Do you also have a different number of results being reported before path reconstruction starts? There is a line in the log before the portion you have posted that tells you about the number of leaks detected during the taint propagation phase, right before path reconstruction starts.\r\n\r\nGenerally, path reconstruction is a best-effort approach. The result of the taint propagation phase is a taint graph that connects sources to sinks via data flow edges. FlowDroid then starts at the sinks and traverses the graph backwards to generate paths between sources and sinks. Unfortunately, taint graphs can contain cycles (loops, recursions). Therefore, the number of paths between a given source and a given sink is unbounded in the general case. FlowDroid solves this issue by returning a ""witness"", i.e., one path among all that are possible for a given pair of source and sink. This process is relatively complex, so  I suspect some paths get dropped here.', ""First, thank you for your prompt reply.\r\n\r\nSo far no, before the path reconstruction  the result is always the same in the few runs I have tried. \r\n\r\nI tried a new fresh clone of Flowdroid this morning and run everything with the default SourceAndSinks definition shipped with it. I attached the 2 run.\r\nIt seems like that the solution to the IFDS reports the same number of results in both cases. However, I am not sure how to map this result to the one flowdroid reports. Sources and Sinks couple are not always the same. For instance, you won't find the sink with signature\r\n `<android.util.Log: int d(java.lang.String,java.lang.String,java.lang.Throwable)>` in `log11`, but you will in `log14`. \r\n\r\nEven more odd, I can find the couple (source, sink) `(<android.location.LocationManager: android.location.Location getLastKnownLocation(java.lang.String)>, <android.util.Log: int v(java.lang.String,java.lang.String,java.lang.Throwable)>)` in `out11` but not `out14`. On the other hand, in `out14` there is a similar couple, which is the same apart from the fact that the sink is the version without `java.lang.Throwable`.\r\n\r\nAlso, I found that the total of unique source and sinks for `out14` sums up to 23, which is the number of result reported before the path reconstruction happens. \r\n\r\nFor my analysis, I need to run two analysis with different taint wrappers and report the differences in flows I find. However, due to this problem I cannot be sure whether these differences are due to the TaintWrapper or not. Do you have any workaround/advice on this?\r\n\r\n[log11.txt](https://github.com/secure-software-engineering/FlowDroid/files/3227173/log11.txt)\r\n[log14.txt](https://github.com/secure-software-engineering/FlowDroid/files/3227174/log14.txt)"", 'So does Flowdroid report deterministic leak results?\r\n']"
