_id,id,title,body,state,comments
65bfdab5cb1120b5f1f8d713,1476,Heisenbug when running several instances of infer in parallel,"- infer version: v1.1.0
- os version: Ubuntu 20.04.2 LTS (through Docker)
- command: infer -- run
- running infer in javac mode

Hi,

This issue is not regarding an incorrect output, but rather a non-deterministic crash heisenbug sort of.
So basically the observed anomalous behavior is that infer crashes where it is not supposed to.

Here is the scenario:

I run several parallel instances of Infer to analyze _different_ projects. 
I instantiate the different infer runs using a python script and the joblib Parallel API together with the subprocess module to invoke several instance of infer at once. 
Every time I run my python script, infer crashes on a small subset of the analyzed projects... and this subset of projects that infer crashes on is not the same... with every run, infer crashes on different subset of the analyzed projects.

I describe them as heisenbugs for two reasons:

1) When I try to investigate a single crash, e.g., by invoking infer myself (not in the parallel script case) using the same exact command, the crash bug never shows and infer analyses the project correctly.

2) The set of projects where infer crashes on, changes with every run of my parallel script. I.e., infer does not crash on the same projects with every run.

Here is an example of a crash trace:


```
Capturing in javac mode...
Uncaught Internal Error: (IO.No_more_input)
Error backtrace:
Raised at IO.input_channel.(fun) in file ""IO.ml"", line 310, characters 23-42
Called from IO.read_byte in file ""IO.ml"" (inlined), line 423, characters 30-43
Called from IO.BigEndian.read_real_i32 in file ""IO.ml"", line 645, characters 43-57
Called from JParse.parse_class_low_level in file ""jParse.ml"", line 674, characters 14-30
Called from JFile.extract_class_name_from_file in file ""jFile.ml"", line 175, characters 10-44
Called from JavaFrontend__JClasspath.load_from_verbose_output.loop in file ""src/java/jClasspath.ml"", line 119, characters 14-55
Called from IBase__Utils.with_file_in.f in file ""src/base/Utils.ml"" (inlined), line 231, characters 13-17
Called from IBase__Utils.do_finally_swallow_timeout in file ""src/base/Utils.ml"" (inlined), line 215, characters 8-12
Called from IBase__Utils.try_finally_swallow_timeout in file ""src/base/Utils.ml"" (inlined), line 225, characters 16-54
Called from IBase__Utils.with_file_in in file ""src/base/Utils.ml"", line 233, characters 2-41
Re-raised at IStdlib__IExn.reraise_after in file ""src/istd/IExn.ml"" (inlined), line 13, characters 2-50
Called from IBase__Utils.do_finally_swallow_timeout in file ""src/base/Utils.ml"" (inlined), line 217, characters 6-141
Called from IBase__Utils.try_finally_swallow_timeout in file ""src/base/Utils.ml"" (inlined), line 225, characters 16-54
Called from IBase__Utils.with_file_in in file ""src/base/Utils.ml"", line 233, characters 2-41
Called from JavaFrontend__JClasspath.load_from_verbose_output.(fun) in file ""src/java/jClasspath.ml"" (inlined), line 140, characters 4-116
Called from JavaFrontend__JClasspath.with_classpath in file ""src/java/jClasspath.ml"" (inlined), line 204, characters 8-49
Called from JavaFrontend__JMain.main in file ""src/java/jMain.ml"", line 124, characters 2-171
Called from JavaFrontend__JMain.from_verbose_out in file ""src/java/jMain.ml"" (inlined), line 131, characters 40-91
Called from Integration__Javac.capture in file ""src/integration/Javac.ml"", line 127, characters 8-47
Called from Integration__Driver.capture in file ""src/integration/Driver.ml"", line 136, characters 6-40
Called from IBase__Utils.timeit in file ""src/base/Utils.ml"", line 429, characters 16-20
Called from IBase__ScubaLogging.execute_with_time_logging in file ""src/base/ScubaLogging.ml"" (inlined), line 79, characters 29-44
Called from Integration__Driver.capture.(fun) in file ""src/integration/Driver.ml"", line 159, characters 2-233
Called from Backend__GCStats.log_f in file ""src/backend/GCStats.ml"" (inlined), line 90, characters 10-14
Called from Integration__Driver.capture in file ""src/integration/Driver.ml"", line 157, characters 2-288
Called from Dune__exe__Infer.run in file ""src/infer.ml"" (inlined), line 20, characters 2-36
Called from IBase__Utils.timeit in file ""src/base/Utils.ml"" (inlined), line 429, characters 16-20
Called from IBase__ScubaLogging.execute_with_time_logging in file ""src/base/ScubaLogging.ml"" (inlined), line 79, characters 29-44
Called from Dune__exe__Infer.run in file ""src/infer.ml"", line 25, characters 22-94

Run the command again with `--keep-going` to try and ignore this error.
```

It is to be noted that the crash trace is different from one crash to to another... but all crashes share the same reported root cause:

``Uncaught Internal Error: (IO.No_more_input)``

Any idea why/how this happens and how to solve it?
",closed,"['Some quick questions:\r\n\r\nDo you use a unique results directory for each run? (`-o` argument) Not doing this could easily cause issues.\r\n\r\nIs there any way for common dependencies of projects to be compiled by two different runs? In general, the javac integration compiles code into class files and parses those.  Racing on compiling the class files might cause problems.', ""Hi @ngorogiannis ,\r\n\r\nThank you for your response.\r\n\r\nI explicitly use `-o` with a unique output directory for each run. So probably it is not this one.\r\n\r\nMmm... Definitely there are common dependencies among the different runs... and I don't do anything specific to prevent repeated compilation of the same classes by the different parallel runs of infer.\r\n_Which directory does infer use for compiling the classes?_ \r\nIf it uses the current working directory (by looking closely at logs and stack traces, it seems to be the case), then probably this is the reason since all my parallel runs inherit the working directory of the parent process. \r\nOr wait! Since I am running infer in javac mode, it uses the javac output directory, which when not explicitly specified using the `-d` argument, would default to the current working directory."", ""Infer doesn't override what the build system dictates, generally, so I believe your last guess about `-d` might be correct."", 'I can confirm that using the `-d` argument for javac with a unique output directory for every parallel run eliminates the problem.\r\nGonna close the issue.\r\n\r\nThank you for your prompt help!']"
65bfdab5cb1120b5f1f8d7b8,1309,in-tree vs. out-out-of tree builds,"[Infer v0.17.0 in Docker based on Ubuntu Bionic]

Hi,

when I use Infer on several C utilities (coreutils, diffutils, grep, make...) I've noticed that it makes a difference if I use an in-tree build:
```Bash
project> ./configure
project> infer run -- make
```
or an out-of-tree build:
```Bash
project/builddir> ../configure
project/builddir> infer run -- make
```
The in-tree build typically finds more issues (e.g. coreutils: 14 null dereferences in-tree but only 5 out-of-tree) but sometimes it is the other way around (e.g. make: 14/12 memory leaks but 4/6 null dereferences). Is this a known issue and what is the recommended usage? The results in each case are deterministic.",open,"['I wonder if this has to do with the path of the files where infer finds issues. Infer will not report issues that are outside the ""project root"", which by default is the current directory. So, if a file is located at ""project/a/b/file.c"" and you run from project/buildir/, infer won\'t report there. Perhaps when running out-of-tree you need to pass `--project-root ..` to infer:\r\n\r\n```\r\nproject/builddir> infer run --project-root .. -- make\r\n```\r\n\r\nThat doesn\'t fully explain the results you are seeing but maybe could explain the biggest discrepancies.', 'Thanks, this definitely helped - for diffutils and grep I get the same results as with the in-tree build now. Others are closer to the in-tree build but still show differences, e.g. (in-tree/out-of-tree/out-of-tree-root; omitted reports are identical):\r\n\r\n### bc\r\ndead store: 5/4/4\r\nmemory leak: 11/10/10\r\n### coreutils\r\nmemory leak: 19/13/14\r\nnull dereference: 14/5/9\r\n### findutils\r\ndead store: 15/14/14\r\n### make\r\nmemory leak: 14/12/15\r\nnull dereference: 4/6/5']"
65bfdab5cb1120b5f1f8d818,1212,Crash on C code with offsetof() builtin,"Please make sure your issue is not addressed in the [FAQ](http://fbinfer.com/support.html#troubleshooting).

Please include the following information:
- [x] The version of infer from `infer --version`: 0.17.0
- [x] Your operating system and version, for example ""Debian 9"", ""MacOS High Sierra"", whether you are using Docker, etc.: Ubuntu 18.04. No docker.
- [x] Which command you ran, for example `infer -- make`:
```
./autogen.sh
./configure
infer run -- make
```
- [x] The full output in a paste, for instance a [gist](https://gist.github.com/): https://gist.github.com/thedrow/8eb1e4782a26d6088bfc198424f02c1c
- [x] If possible, a minimal example to reproduce your problem (for instance, some code where
    infer reports incorrectly, together with the way you run infer to reproduce the incorrect
    report).

```
git clone https://git.kernel.org/pub/scm/utils/util-linux/util-linux.git
git checkout eae8661e686ebcb06ec60c1a6bb1616aaef88257
./autogen.sh
./configure
infer run -- make
```",closed,"['Looks very similar (at the the stackdump) to https://github.com/facebook/infer/issues/1178', 'Yes it is similar although yours is longer.\r\nMaybe util-linux exposes the problem earlier.', 'Hi @thedrow. Thanks for reporting! \r\nLooks like our clang plugin chokes on `atari.c:209`:\r\n```\r\n    offsetof(struct atari_rootsector, part[i]),\r\n```\r\n\r\nIt [expects an integer constant](https://github.com/facebook/facebook-clang-plugins/blob/master/libtooling/ASTExporter.h#L3647) while in fact it is\r\n```\r\n__builtin_offsetof(type, identifier(.identifier|[expr])*)\r\n```\r\nWhat is worse, is that instead of an assert we have `llvm_unreachable`:\r\n```\r\n  if (!expr->EvaluateAsInt(result, this->Context)) {\r\n    llvm_unreachable(""Cannot evaluate expression down to an integer."");\r\n  }\r\n```\r\nwhich gets compiled out in release build, so you get a non-deterministic segfault.\r\n\r\nLet me see what I can do.', '@artempyanykh in that radare2 bug there is also an offsetof usage:\r\n\r\nhttps://github.com/radareorg/radare2/blob/master/libr/debug/p/native/linux/linux_debug.c#L998\r\n\r\n```c\r\n(void *)r_offsetof (struct user, u_debugreg[i]), 0);\r\n```\r\nwhich is defined as \r\n```c\r\n#define r_offsetof(type, member) offsetof(type, member)\r\n```\r\nSo I think it is the same bug effectively. \r\n', ""If you'd like to close this as a duplicate, feel free to do so."", ""@XVilka yes, seems so. \r\n@thedrow I'll keep this one open since we already got some discussion here. "", 'Are there any updates on this issue? Nearly half of C projects I tried make use of the `offsetof(type, member)` construct.\r\n\r\nBTW, maybe it\'s better to rename the title into something like ""Crash on C code with offsetof() builtin""', 'Hi @XVilka ! I have allocated last week of February to do various cleanups. With a bit of luck the fix will be ready sometime next week.', 'Quick update: the fix is now under internal review, should become available in master shortly. \r\nThe new build successfully finishes analysis of `util-linux`.', 'The fix is in master. `infer run` finishes successfully on `util-linux`', '@artempyanykh When can I expect a new release?', ""@thedrow I don't have immediate plans to do the public release (esp. given that to do it properly we need to figure out notarizing of binaries for MacOS Catalina and I don't have capacity for this now). \r\n\r\nIf urgent, building from source is probably your best bet."", '@artempyanykh Hi, I hope everything is well.\r\n\r\nDo you have a better ETA on a release?', ""I'm assuming this is part of 1.1.0.\r\nThanks!""]"
65bfdab5cb1120b5f1f8d82d,1189,Reactive mode (run/capture/analyze) needs better documentation,"```
Version: 0.17.0
OS: CentOS 7
```
Hi Team,

I was trying to understand the effect of `--reactive` flag in `infer run`, `infer capture` and `infer analyze`, but got conflicting information from the `Get Started` guide and manual.

From man:
```
only in infer-analyze:
       --reactive,-r
           Activates: Reactive mode: the analysis starts from the files
           captured since the infer command started (Conversely:
           --no-reactive | -R)

infer-analyze:
       --changed-files-index file
           Specify the file containing the list of source files from which
           reactive analysis should start. Source files should be specified
           relative to project root or be absolute
```

However, in [Recommended flow for CI](https://fbinfer.com/docs/steps-for-ci.html),
1.  `infer capture --reactive -- make -j 4`
Apparently, one can also specify `--reactive` with `infer capture`, although `man infer-capture` doesn't have an entry for it. 

What is its effect? Does it simply retain the `infer-out` folder and additively collect compiling artifacts? 

2. `infer analyze --reactive --changed-files-index index.txt`
""Reactive mode: the analysis starts from the files captured since the infer command started.""  
I do understand it in the context of `infer run`, but in `infer analyze`, there are no ""files captured since the infer command started"". 

What's a more accurate explanation of the effect of `--reactive` in `infer-analyze`?

3. `infer analyze --changed-files-index index.txt`
""Specify the file containing the list of source files from which reactive analysis should start.""

But it seems like `--changed-files-index` can be specified without `--reactive`.

Thanks!",open,"[""Hi @antonqiu , I'm having similar issues in running the reactive/differential workflow.\r\n\r\nDid you solve yours?"", ""@micheletufano \r\n\r\nBasically, there's a file `infer-out/results.db` that marks the staleness of captured files. Capture run with `--reactive` would add newly discovered files to the db and mark old files stale. Analyze run with `--reactive` would analyze non-stale files.\r\n\r\nFrom my understanding:\r\n### `infer capture`\r\n`--reactive`: preserve all captured procedures and source files. Otherwise, `infer-out/results.db` is wiped out and rebuilt.\r\n`--continue`: prevents previously captured files being marked as stale.\r\n\r\n### `infer analyze`\r\n`--reactive`: analyze source files marked as fresh\r\n`--changed_file_index`: only analyze files specified in the index, regardless of their staleness markers. This essentially overrides `--reactive`, in my opinion.\r\n\r\nEdit: about your question in another issue. Based on how Infer works through files, I don't think its results are strictly deterministic. I sort of remember they mention it somewhere in the doc."", 'Hi @antonqiu ,\r\n\r\nThis actually helped.\r\nFor my purpose, I ended up removing the `--reactive` options (both for `capture `and `analyze`) when looping through the commits, and used only the `--changed_file_index` for the changed files in the commit.\r\n\r\nIn that way I have more consistent results. When using the `--reactive` option the bugs were sometimes double counted and accumulated (probably due to keeping the `results.db` file).\r\n\r\nOverall, I do agree with the original goal of this issue that better documentation is needed.\r\n']"
65bfdab5cb1120b5f1f8d82f,1187,Incorrect translation of C expression `&<compound literal>`,"Infer version: `v0.17.0-b60abb262` (It's my own branch with no modifications to Infer's source, based on revision 42397d2168aedb3a0b22ba790b63b5d16f17b098 of Infer's master branch)
OS: Manjaro Linux 18.1.3 (kernel 5.3)
Infer was built in a Docker container with Ubuntu 16.04, but is run from Manjaro.

Compound literals are valid C since C99. Notably, they are lvalues, meaning their address can be taken. (source: https://en.cppreference.com/w/c/language/compound_literal)

test.c:
```c
int *p = &(int){42};

void foo() {
    int *q = &(int){42};
}
```
Infer command: `infer -g -- clang -c -o test.o test.c`

SIL code for `p`'s initializer:
```
VARIABLE_DECLARED(#GB$p:int*); [line 2, column 1];
VARIABLE_DECLARED(#GB$p:int*); [line 2, column 16];
*&#GB$p:int=42 [line 2, column 16];
```

SIL code for the declaration of `q`:
```
VARIABLE_DECLARED(q:int*); [line 5, column 5];
VARIABLE_DECLARED(q:int*); [line 5, column 20];
*&q:int=42 [line 5, column 20];
```

A couple of things are wrong with this:
1. Duplicate `VARIABLE_DECLARED` instructions
2. Wrong type annotation in the assignment (`int` instead of `int *`)
3. Wrong initial value

My expectation of what `p`'s initializer should look like:
```
VARIABLE_DECLARED(#GB$p:int*); [line 2, column 1];
VARIABLE_DECLARED(#GB$__infer_p_aux:int); [line 2, column 1];
*&#GB$__infer_p_aux:int=42 [line 2, column 16];
*&#GB$p:int*=&#GB$__infer_p_aux [line 2, column 16];
```

My expectation of how `q`'s declaration should be translated:
```
VARIABLE_DECLARED(q:int*); [line 5, column 5];
VARIABLE_DECLARED(__infer_q_aux:int); [line 5, column 5];
*&__infer_q_aux:int=42 [line 5, column 20];
*&q:int*=&__infer_q_aux [line 5, column 20];
```

The same bug also causes Infer to fail to translate some valid C declarations, such as:
```c
struct foo {
    int x;
    int y;
};

struct foo *f = &(struct foo){ 1, 2 };
```
When you try to capture a file with these contents, you get the following error (command used: `infer -g  capture -- clang -c -o test.o test.c`:
```
test.c:6:30-37: ERROR translating statement 'InitListExpr'
```
The full log is here: https://gist.github.com/j-piecuch/31059bdc44cfc0008d1d5138633855c9
Here's the part of the log where it's translating `f`'s initializer:
```
[17355][      debug] >>---------- Start translating body of function: '__infer_globals_initializer_f' ---------<<
[17355][      debug] 
[17355][      debug] DeclStmt{} +f
[17355][      debug] Translating statement 'DeclStmt' (pointer= '-1')
[17355][      debug] Priority is free. Locking priority node in -1
[17355][      debug]   
[17355][      debug] Translating statement 'UnaryOperator' (pointer= '14')
[17355][      debug] Priority busy in 14. No claim possible
[17355][      debug]   
[17355][      debug] Translating statement 'CompoundLiteralExpr' (pointer= '15')
[17355][      debug] Translating statement 'InitListExpr' (pointer= '16')
[17355][      debug]   Priority busy in 16. No claim possible
[17355][      debug]     
[17355][      debug] Aborting translation of method '__infer_globals_initializer_f' in file 'test.c'
[17355][      debug] Unimplemented feature:
[17355][      debug]   InitListExpression for var &#GB<test.c>$f type foo* with multiple init statements
```

Call chain that leads to the exception being thrown (I've added the expression being translated next to `instruction` calls):
```
declStmt_trans
-> collect_all_decl
   -> init_expr_trans
      -> instruction (&(struct foo){ 1, 2 })
         -> ...
            -> unaryOperator_trans
               -> instruction ((struct foo){ 1, 2 })
                  -> ...
                     -> compoundLiteralExpr_trans
                        -> instruction ({ 1, 2 })
                           -> ...
                              -> initListExpr_trans
                                 -> initListExpr_builtin_trans
```
(All functions are in the file `clang/cTrans.ml`)

Here's what I think is going on:
- `init_expr_trans` sets the `var_exp_typ` in the translation state to the variable being defined and its type -- in this case, `(f, struct foo*)`. This field won't be changed by any functions down the chain.
- `unaryOperator_trans` in the case of `&` simply translates the subexpression and returns the result of that. This works in the case of things like `&foo`, because translating `foo` will result in the SIL expression `LVar foo`, which is the address of `foo`.
- `compoundLiteralExpr_trans` examines `var_exp_typ` from the translation state, and since it is not `None`, proceeds to translate the subexpression without any modifications to the state.
- `initListExpr_trans` looks at the type in `var_exp_typ` and, since it's a pointer (a builtin type), calls `initListExpr_builtin_trans`, which can't handle initialization of a builtin type using an initializer list with multiple elements.

The immediate problem seems to be that `unaryOperator_trans` doesn't modify `var_exp_typ` in the translation state, so all the translation functions down the chain think that they're initializing a variable of a pointer type, which they're not.
Assuming that we clear the `var_exp_typ` field before translating the subexpression (at least in the `&` case), then `compoundLiteralExpr_trans` will create a temporary **local** variable to store the compound literal. This is the desired behavior in the case where the variable we're initializing has local scope. However, this is not technically correct when we're initializing a global variable, as the temporary will go out of scope at the end of the initializer, and the global variable will become a dangling pointer. Therefore, the temporary variable's scope should depend on the kind of variable being initialized.




",open,"['Many thanks for your detailed report. Indeed Infer doesn\'t support this entertaining C feature at the moment, good find! Looks like some mechanism akin to C++ temporaries (which infer does translate correctly) is needed here. At least we don\'t need to figure out when to call destructors in this case. The clang AST is (understandably) different for C compound literals and C++ temporaries, so support will have to be added to the former.\r\n\r\nI think your analysis of the frontend code is correct. We would need to create a temporary ""frontend"" variable to hold the value of the compound literal, and then take the address of that. Or, we could at the very least detect this situation and return a non-deterministic value instead of the wrong thing or a crash, as a temporary fix.\r\n\r\nRe: lifetime: I guess we could create a local variable for local scopes and global ones for global scopes, if I understand your cppreference link correctly:\r\n\r\n> The unnamed object to which the compound literal evaluates has static storage duration if the compound literal occurs at file scope and automatic storage duration if the compound literal occurs at block scope (in which case the object\'s lifetime ends at the end of the enclosing block).\r\n\r\nBut as you point out we always create a local variable for now. Perhaps it wouldn\'t be too hard to add some information, eg to the translation context, so that `compoundLiteralExpr_trans` can make the correct decision.']"
65bfdab5cb1120b5f1f8d87c,1110,Infer is not deterministic,"Infer analysis has some heuristics on when to give up.  These metrics are somehow time based or otherwise impacted by the load or compute power of a system.  As a result, some runs can detect bugs that other runs miss, even on the same code using the same version of infer.

For example:

```
% docker run --rm -it analyst bash       # an image with infer 0.16
$ git clone https://github.com/TomMD/s2n
$ cd s2n
$ git checkout origin/pr1075-dst
$ cmake . -DCMAKE_EXPORT_COMPILE_COMMANDS=1
$ infer capture --compilation-database compile_commands.json
$ infer analyze
...
Summary of the reports

          MEMORY_LEAK: 9
  UNINITIALIZED_VALUE: 3
           DEAD_STORE: 3
        RESOURCE_LEAK: 2
```

vs something with load like:

```
git clone https://github.com/TomMD/s2n ; cd s2n
git checkout origin/pr1075-dst
cmake . -DCMAKE_EXPORT_COMPILE_COMMANDS=1
infer capture --compilation-database compile_commands.json
# repeat the below depending on your number of cores
for i in $(seq 1 20) ; do openssl genrsa -out /dev/null 16384 ; done & \
infer analyze
...
Summary of the reports

          MEMORY_LEAK: 8
  UNINITIALIZED_VALUE: 3
           DEAD_STORE: 3
        RESOURCE_LEAK: 2
```

N.B. the number of detected memory leaks has changed.  This bug is hard to trigger in a lab but shows up all the time in production.


Is there a mechanism, or understood development path to implement a mechanism, which can make infer fully deterministic but still have reasonable performance and the ability to give up on an analysis?",open,"['There are many contributing factors to infer\'s non-determinism, some more fundamental than others.\r\n\r\n## Analysis scheduling and mutually-recursive functions\r\n\r\nDuring the analysis of mutually-recursive procedures, the following happens: say `f()` calls `g()` calls `h()` calls `f()`, and infer starts analysing `f`. It will need to summarise `g` first, so it pauses the analysis of `f` and starts analysing `g` instead. This happens in [`Ondemand.analyze_proc_name`](https://github.com/facebook/infer/blob/007c044d92917afc86cfbf54d521bf45b88cd182/infer/src/backend/ondemand.ml#L286-L288). Notice in particular that this module maintains a list of ""active procedures"" which for now contains `f` and `g`. Then the same thing happens for `h`, then infer asks for the summary for `f` again. At that point, the active procedures are `f`, `g`, and `h`, so since `f` active ondemand will break the cycle by returning an empty summary.\r\n\r\nDepending on which procedure this process starts with, you\'ll get different analysis results. Here `h` was analysed assuming an empty summary for `f`, but if we\'d started at `g` then some summary for `f` would have been computed (assuming an empty summary for `g`) and the summary for `h` would thus probably have been different.\r\n\r\nInfer\'s way of resolving mutual recursion is particularly crude here. It is standard to try and reach a fixpoint for instance. However that usually still results in non-determinism because of widening.\r\n\r\n## Parallelism\r\n\r\nParallelism makes the problem of mutually-recursive procedures worse because it will randomise which procedure we start the analysis from in the cycles. Disabling parallelism usually reduces non-determinism significantly/completely.\r\n\r\n## Biabduction timeouts\r\n\r\nThis is specific to the biabduction analysis in infer: there\'s a hard limit of wall clock time after which the analysis of a procedure is stopped. You can disable this by setting `--seconds-per-iteration` very high (or adding an option to disable these entirely... beware that the biabduction analysis might not terminate. However there\'s also a ""symbolic"" timeout that counts the number of symbolic operations performed. That might influence non-determinism but probably not or not as badly). This is set [here](https://github.com/facebook/infer/blob/007c044d92917afc86cfbf54d521bf45b88cd182/infer/src/base/Config.ml#L2530).\r\n\r\n', 'PS: this list is probably not exhaustive... for instance, we also do bug deduplication at various levels and while we try to do so deterministically your mileage may vary.', 'Some more actionable comments.\r\n\r\nActually, the list of sources of non-determinism above might well be exhaustive, though I wouldn\'t bet my life on it.\r\n\r\nWe have some thoughts floating around for attacking the issue of recursion which you might find interesting: one could imagine trying to discover the parts of the call graph that participate in mutual recursion and then scheduling the analysis of the mutually-recursive procedures in some fixed order (alphabetically, ...).\r\n\r\nThe main complication is that computing the static ""direct"" call graph is easy; we do it [here](https://github.com/facebook/infer/blob/fc6aee2d064b7b1cc9ebd21338bec8abacfac92a/infer/src/backend/CallGraph.ml#L154). However, that call graph is a lie: the ""analysis"" call graph of ""analysis of procedure X requires summary of procedure Y"" might look quite different (it will likely have more procedures, eg due to dynamic dispatch or checkers looking up seemingly unrelated summaries) and is the one we actually care about for scheduling the analysis. Maybe the direct call graph is still good enough though, it would be interesting to  try. Currently we use the direct call graph to schedule the analysis of all procedures *not* in a mutual recursion cycle, so one would have to make it schedule procedures in cycles too.\r\n\r\nSomeone in our team is working on computing the analysis call graph and storing that in summaries, but that will only be available once an analysis has been performed. One could imagine storing that somewhere to make future analyses (of the same source code, so perhaps useless) deterministic, by recording also the order in which the procedures have been analysed somehow (or maybe deducing that information from what\'s already available, or...). That could be enough to make the analysis of code changes deterministic for instance, if that\'s a use case you care about.', 'There is one other source of non-determinism: cluster checkers. These are checkers that run after all procedures in a file have been analysed.  It used to be the case that these checkers would run in all sorts of races, because they would re-write the summary of a procedure in order to add warnings found at the file analysis stage. This has been dealt with by storing their error logs outside procedure summaries, but it is still affected by non-determinism in procedure analysis, such as due to recursion.', ""I'd just like to say I reflect back on this information periodically as I try to find someone or time to do this work.  Work done or not, your input is very much appreciated."", 'A short update: .specs files now store the list of callees that were needed to compute it. It should be possible to use that information to replay an analysis schedule. Currently we don\'t *quite* have this built inside infer, but close: we build a [""reverse analysis call graph""](https://github.com/facebook/infer/blob/e7d42838b5c1f60546d65bada149d2a4067cffae/infer/src/backend/ReverseAnalysisCallGraph.ml) from the summaries that we use to [invalidate](https://github.com/facebook/infer/blob/e7d42838b5c1f60546d65bada149d2a4067cffae/infer/src/backend/ReverseAnalysisCallGraph.ml) the summaries of procedures that (transitively) depend on the summaries of procedures in some set of changed files (during diff analysis). Using that call graph to drive the re-analysis scheduling should be possible, but it needs to be modified to also record where cycles of mutual recursion were broken by ondemand.']"
65bfdab5cb1120b5f1f8da10,671,False resource leak because of `freopen`,"I ran infer on the redis project and found a `RESOURCE_LEAK`. Here is a small part of the report:
```
   resource of type `__sFILE` acquired by call to `fopen()` at line 564, column 12 is not released after line 574, column 5
  574. >     lf.f = freopen(filename, ""rb"", lf.f);  /* reopen in binary mode */
```
It's saying that the `lf.f` you pass to the function is not freed. This is a false alarm, because `freopen` actually closes the stream you pass it (that's how I understand the man page). Currently, the model of `freopen` can nondeterministically return `NULL`. I think that a `free` in that branch should do the job.
",open,"['Thanks for the report!\r\nIn the future, it always helps to provide standalone repro to make it easier for us to understand the issue.\r\nMinimal repro in this case:\r\n```\r\n#include <stdio.h>\r\n\r\nint test() {\r\n  FILE* f = fopen(""blah"", ""r"");\r\n  f = freopen(""blah2"",""r"", f); // FP here\r\n  fclose(f);\r\n}\r\n```', 'Sorry that I did not do that. And thanks for creating it :-).\r\n\r\nI am not completely sure about what the specification of `freopen` should be. I believe it will always close the stream, even when opening the new file fails. This is different from `realloc`.']"
65bfdab5cb1120b5f1f8daeb,452,Infer fails immediately on 0.9.2,"Getting this error immediately after running infer 0.9.2 on an android project. 0.8.4 works correctly on the project

```
Starting analysis (Infer version v0.9.2)

legend:
  ""F"" analyzing a file
  ""."" analyzing a procedure

Infer version v0.9.2
Copyright 2009 - present Facebook. All Rights Reserved.
Warning: unexpected attribute found: Code
Warning: unexpected attribute found: Code
Warning: unexpected attribute found: Code
Warning: unexpected attribute found: Code
Warning: unexpected attribute found: Code
Warning: unexpected attribute found: Code
Warning: unexpected attribute found: Code
Warning: unexpected attribute found: Code
Warning: unexpected attribute found: Code
Warning: unexpected attribute found: Code
Warning: unexpected attribute found: Code
Warning: unexpected attribute found: Code
Fatal error: exception Unix.Unix_error(Unix.ENOENT, ""stat"", ""/example/buck-out/bin/library/lib__src_main__classes/infer/.start"")
Failed to execute: /usr/local/Cellar/infer/0.9.2/lib/infer/infer/lib/python/inferlib/../../../bin/../lib/python/infer.py -r --analyzer eradicate --buck --infer_cache /example/infer-out/cache --multicore 8 --out /example/infer-out --project_root /example -- javac -source 7 -target 7 -sourcepath  -g -Xlint:deprecation -Xlint:-options -Xlint:-unchecked -Werror -Xmaxerrs 1000000 -d /example/buck-out/bin/library/lib__src_main__classes -classpath /example/buck-out/gen/.okbuck/cache/com.android.support.support-annotations-24.1.1.jar.jar:/example/buck-out/gen/.okbuck/cache/com.jakewharton.rxrelay.rxrelay-1.1.0.jar.jar:/example/buck-out/gen/.okbuck/cache/com.example.android.android-4.1.1.5.jar.jar:/example/buck-out/gen/.okbuck/cache/com.example.lib2-1.0.1.jar.jar:/example/buck-out/gen/.okbuck/cache/com.example.lib1-1.7.0.jar.jar:/example/buck-out/gen/.okbuck/cache/io.reactivex.rxjava-1.1.8.jar.jar @buck-out/gen/library/__src_main__srcs
Traceback (most recent call last):
  File ""/example/infer_pRbRHX.py"", line 6, in <module>
    subprocess.check_call(cmd)
  File ""/usr/local/Cellar/python/2.7.11/Frameworks/Python.framework/Versions/2.7/lib/python2.7/subprocess.py"", line 540, in check_call
    raise CalledProcessError(retcode, cmd)
subprocess.CalledProcessError: Command '[u'/usr/local/Cellar/infer/0.9.2/lib/infer/infer/lib/python/inferlib/../../../bin/infer', u'--buck', u'--analyzer', u'eradicate', u'--infer_cache', u'/example/infer-out/cache', '--', 'javac', '-source', '7', '-target', '7', '-sourcepath', '', '-g', '-Xlint:deprecation', '-Xlint:-options', '-Xlint:-unchecked', '-Werror', '-Xmaxerrs', '1000000', '-d', '/example/buck-out/bin/library/lib__src_main__classes', '-classpath', '/example/buck-out/gen/.okbuck/cache/com.android.support.support-annotations-24.1.1.jar.jar:/example/buck-out/gen/.okbuck/cache/com.jakewharton.rxrelay.rxrelay-1.1.0.jar.jar:/example/buck-out/gen/.okbuck/cache/com.example.android.android-4.1.1.5.jar.jar:/example/buck-out/gen/.okbuck/cache/com.example.lib2-1.0.1.jar.jar:/example/buck-out/gen/.okbuck/cache/com.example.lib1-1.7.0.jar.jar:/example/buck-out/gen/.okbuck/cache/io.reactivex.rxjava-1.1.8.jar.jar', '@buck-out/gen/library/__src_main__srcs']' returned non-zero exit status 2
```
",closed,"['Which version of Java are you using?\n', '```\njava -version\njava version ""1.8.0_102""\nJava(TM) SE Runtime Environment (build 1.8.0_102-b14)\nJava HotSpot(TM) 64-Bit Server VM (build 25.102-b14, mixed mode)\n```\n', 'Does it happen deterministically ? \n\nIt could it be a race condition between:\n- https://github.com/facebook/infer/blob/master/infer/lib/python/inferlib/analyze.py#L200\n  and\n- https://github.com/facebook/infer/blob/master/infer/src/backend/DB.ml#L356\n', 'The ""jar jar"" classpath entries such as com.android.support.support-annotations-24.1.1.jar.jar look fishy to me.  Is infer itself responsible for the duplicate extensions?\n', 'It is happening 100% of the time. we are on buck head\n', 'This seems to be only happening when running with `-r`\n', 'Yes, that is right. Using `--reactive`, I am able to reproduce the issue.\n', 'Optimistically closing, please reopen if this problem remains with 0.9.4.']"
