_id,id,title,body,state,comments
64af4294998177add205c463,1065,Order of phi statements made deterministic.,The order of phi statements created during conversion from Jimple to Shimple is now deterministic.,closed,[]
64af4294998177add205c38c,1281,Deterministic generation of local variable names.,,closed,"['Some time ago we introduced the `LocalGenerator` which is encapsulating this naming behavior. Could you please refactor your fix to use the generator instead? ', ""Ahh thanks for the tip! I'll update this PR shortly."", 'do you have any test code available on which you experienced the issue?\r\nWe would be happy to include it as a test case', 'Hmm well I’m not sure how to write a test that will reliably fail due to nondeterminism.', 'Okay, I see. A test that specifies just the desiered outcome would be sufficient ', '@mbenz89 using the `LocalGenerator` now.\r\n\r\n@anddann I’m at a loss at how to write a test for this one. What I want to ensure is that a given Jimple assignment is given the same variable name in every run, *for a given Soot version, from the same Java byte code*. At the same time, fixing any particular name would make the test fragile —\xa0any future naming-related update could break it. That seems to leave us with running Soot twice and accessing the name of one particular unit’s assignment in each run. But I don’t actually know how to write a program for which such a name can vary across runs for two reasons. First, I have only observed this in very large programs whose sources I cannot reveal. Second, the variance seems to rely on JVM implementation details, e.g., how default hash-codes are generated.\r\n\r\nAs I do not know how to write a test for this that could ever fail, and you probably don’t want vacuous or fragile tests, could this PR could be admitted without an additional test?\r\n\r\nAnyhow a much better way to prevent regressions to this sort of thing is probably to ensure that (a) default hash-code values are never used, and (b) iteration does not occur over unordered data structures, i.e., by banning certain classes and method calls in the source code. This seems clearly beyond the scope of this PR.', 'Thanks @michael-emmi , sry my mistake. I totally see your point. From my side this PR can be merged.\r\nThanks a lot for your contribution', '@mbenz89 are you happy with this PR now?', ""Beyond my question, I'm happy with this pr. You are not only making Soot more deterministic but also cleaning up some old mess here. Thanks for contributing!""]"
64af4294998177add205c42b,1122,System tests are failing non-deterministically ,"As witnessed in #1120 the LambdaMetaFactory system tests are failing from time to time.
In the stated PR, `soot.lambdaMetaFactory.LambdaMetaFactoryCHATest` was failing with an exception that unfortunately got lost.
If I remember correctly, the exception was caused by using a virtualInvoke statement where an interfaceInvoke would have been required...",closed,"['@mbenz89  Unfortunately I also don\'t have the stacktrace shown by the CI. However there is another error thrown by this test non-deterministically (usually by the `lambdaNoCaptures` from the `lambdaMetaFactory` tests):\r\n\r\n```\r\n[Thread-118] ERROR heros.solver.CountingThreadPoolExecutor - Worker thread execution failed: Failed to convert <java.util.function.Function: java.util.function.Function andThen(java.util.function.Function)>\r\njava.lang.RuntimeException: Failed to convert <java.util.function.Function: java.util.function.Function andThen(java.util.function.Function)>\r\n\tat soot.asm.AsmMethodSource.getBody(AsmMethodSource.java:2040)\r\n\tat soot.SootMethod.retrieveActiveBody(SootMethod.java:402)\r\n\tat soot.PackManager$1.run(PackManager.java:1279)\r\n\tat java.util.concurrent.ThreadPoolExecutor.runWorker(ThreadPoolExecutor.java:1149)\r\n\tat java.util.concurrent.ThreadPoolExecutor$Worker.run(ThreadPoolExecutor.java:624)\r\n\tat java.lang.Thread.run(Thread.java:748)\r\nCaused by: java.lang.RuntimeException: Trying to create virtual invoke expression for interface type (java.util.function.Function in file null). Use JInterfaceInvokeExpr instead!\r\n\tat soot.jimple.internal.JVirtualInvokeExpr.<init>(JVirtualInvokeExpr.java:49)\r\n\tat soot.jimple.Jimple.newVirtualInvokeExpr(Jimple.java:469)\r\n\tat soot.LambdaMetaFactory$ThunkMethodSource._invokeImplMethod(LambdaMetaFactory.java:699)\r\n\tat soot.LambdaMetaFactory$ThunkMethodSource.invokeImplMethod(LambdaMetaFactory.java:646)\r\n\tat soot.LambdaMetaFactory$ThunkMethodSource.getInvokeBody(LambdaMetaFactory.java:483)\r\n\tat soot.LambdaMetaFactory$ThunkMethodSource.getBody(LambdaMetaFactory.java:334)\r\n\tat soot.SootMethod.retrieveActiveBody(SootMethod.java:402)\r\n\tat soot.LambdaMetaFactory.makeLambdaHelper(LambdaMetaFactory.java:239)\r\n\tat soot.asm.AsmMethodSource.convertInvokeDynamicInsn(AsmMethodSource.java:1420)\r\n\tat soot.asm.AsmMethodSource.convert(AsmMethodSource.java:1791)\r\n\tat soot.asm.AsmMethodSource.getBody(AsmMethodSource.java:2038)\r\n\t... 5 more\r\n```\r\nAs the CountingThreadPoolExecutor  is involved I would guess that there is a threading issue causing this.\r\n\r\nNote: In Intellij there is the nice option to start a set of unit tests and repeat them ""Until Failure"". This simplifies to reproduce such errors.', ""Thanks for reporting the exact stack trace! Also, thanks for pointing out that feature, I did not know it yet :). \r\n\r\nSince the PR, I've witnessed several issues with the `LambdaMetaFactory` that seem to be related. I will investigate this further when I find time for it. \r\n\r\n@anddann MIght also be interesting to you..."", 'Side note: without `synchronized` at the `soot.LambdaMetaFactory.makeLambdaHelper` method, I can  reproduce the error reliable', ""@anddann The authors of the `LambdaMetaFactory` reported NPE's when not synchronizing the `soot.LambdaMetaFactory.makeLambdaHelper` method: #1078 and #1083\r\nAre you witnessing the same?\r\n"", '@mbenz89 I get the same stacktrace as reported in #1078 `crash2.rtf`', 'fixed by https://github.com/Sable/soot/pull/1191']"
64af4294998177add205c370,1309,Use linked variants of hash sets and maps.,"Overall this patch is straightforward: replacing nearly all instances of three data structures — JDK’s HashMap, HashSet, Hashtable — with their linked variations — LinkedHashMap and LinkedHashSet.

Aside from that there are only two small changes to keep unit tests passing:
1. Replacing `contains` with `containsInAnyOrder` to remove dependence on container iteration order.
2. Adding two classes from `java.lang.invoke` to a list of distinguished “basic” classes.",closed,"[""Hi. Thanks for your efforts in making Soot more deterministic. I'm struggling a bit with this patch since these linked data structures generally require a bit more space than the non-ordered one. In Soot's case, memory is an issue already, which is why I dislike making this the default. \r\n\r\nWhat do you think about introducing a factory for these datatypes and make it optional to use the ordered collections, so that the user can decide for her use-case if determinism is more important than space requirements?"", 'Hey @mbenz89!\r\n\r\nI think that introducing such a factory is technically feasible, and I am happy to update this PR to do exactly that. I suspect the intent might be to cover previously-patched hash maps and sets as well (?), and I could also include those.\r\n\r\nGiven that the motivation for this would come an existing issue about memory usage, I wonder whether it might be worth looking at the effect this patch would have on memory usage?\r\n\r\nYou probably wouldn’t want to introduce this extra factory unless it were really necessary, since that would be another user-level option (complicating Soot usage), and another burden on internal consistency (will the next would-be user of hash maps know to use this factory?)\r\n\r\nSo given that memory usage is already an issue: is there an issue tracking this? Are there any diagnostics or regressions? How does one figure out whether this PR makes memory usage in Soot worse for the benchmarks with which you’re concerned?\r\n\r\nI know these questions may be unanswerable, and I am happy to just add the factory if you wish. Thought I should ask just in case :-)', 'Also, according to [Java Performance Tuning Guide](http://java-performance.info/memory-consumption-of-java-data-types-2/), JDK’s linked hash set consumes exactly the same amount of memory as its hash set, and its linked hash map consumes only 8 bytes more memory per element.\r\n\r\nSo, for instance, assuming one thousand elements were stored in hash maps through Soot on a given execution, that would only add an overhead of 8KB; one million elements would incur 8MB overhead; etc.', 'Hi all.\r\n\r\n> Also, according to [Java Performance Tuning Guide](http://java-performance.info/memory-consumption-of-java-data-types-2/), JDK’s linked hash set consumes exactly the same amount of memory as its hash set, and its linked hash map consumes only 8 bytes more memory per element.\r\n> \r\n> So, for instance, assuming one thousand elements were stored in hash maps through Soot on a given execution, that would only add an overhead of 8KB; one million elements would incur 8MB overhead; etc.\r\n\r\nIf that is so then I think the impact should be rather benign. In any case I agree that if anything we should measure the impact before we go with factories.', 'Are there any particular tests one could target for such profiling?', ""> I think that introducing such a factory is technically feasible, and I am happy to update this PR to do exactly that. I suspect the intent might be to cover previously-patched hash maps and sets as well (?), and I could also include those.\r\n\r\nYes, that would be perfect!\r\n\r\n> Given that the motivation for this would come an existing issue about memory usage, I wonder whether it might be worth looking at the effect this patch would have on memory usage?\r\n\r\nI agree that we should measure the impact of that change first. \r\n\r\n> Also, according to Java Performance Tuning Guide, JDK’s linked hash set consumes exactly the same amount of memory as its hash set, and its linked hash map consumes only 8 bytes more memory per element.\r\n\r\nI profiled Soot some time ago and if I do not mix up things here, a huge chunk of memory was consumed due to map structures. Considering your source, it really doesn't sound like using ordered structures would also have a huge impact on memory usage. \r\n\r\n> You probably wouldn’t want to introduce this extra factory unless it were really necessary, since that would be another user-level option (complicating Soot usage), and another burden on internal consistency (will the next would-be user of hash maps know to use this factory?)\r\n\r\nI agree that this introduces maintenance effort. We would have to take care of contributors using the factory and put the burden to decide if it makes sense to use it in their specific use-case.\r\n\r\n> Are there any particular tests one could target for such profiling?\r\n\r\nWe observed memory issues with Soot especially in the context of commercial software projects that outscale any open-source project I know by far. We are already thinking about how we could lower Soot's memory footprint which is why I hesitate a bit on such changes. The impact, however, may not be as huge as I initially feared.\r\n\r\nUnfortunately, we do not have any test cases that would make sense for such a benchmakr. Analyzing the JDK itself is always a good starting point. Other than that, I guess you could just take a library from maven central and analyze it together with all its transitive dependencies. That should also lead to a rather huge amount of classes and Jimple Code.\r\n"", '@mbenz89 given the lack of adequate performance benchmarks, I have implemented your suggestion to use factory methods.', '@mbenz89 I’m having trouble rebasing this one due to the following merge, which reindented an entire file (Scene.java).\r\n\r\nhttps://github.com/Sable/soot/commit/b6a74bd9c44984949e03ccf19881c6c12de83cf6\r\n\r\nEven if I actually go through the tedious work of rebasing against these commits (which I have done locally), then my build reports 1461 check style violations due to the new indentation.\r\n\r\nShould I just ignore these warnings and push my rebased changes anyhow?', 'Hi @michael-emmi, thanks for going through that effort! \r\n\r\nIt seems that a push from a colleague has put the Scene into a state that violates our style guidelines. Therefore, the problem is not on your side. Sorry you already investigated the work for applying this style. I will fix the styling issues now and you can target your changes against the correct style. I guess you can just use the version of your change before you rebasing against the stated commit.\r\n\r\n', 'I fixed the formatting in 187c5f879a82873cd987397396ebdbc254a7a04d', '@mbenz89 thanks!\r\n\r\nI’ve just rebased and everything seems fine now, pending your approval.', '@ericbodden @mbenz89 any idea when this might be merged?', ""I think we all agreed that we should measure the performance impact of ordered collections before going with a factory. I can run some tests when I find time for it. Since I'm currently lacking time a lot and there are quite some other topics left on my agenda, this might still take some time.\r\n\r\nWould you have time to investigate the memory footprint for some larger projects? This won't be perfect but we could try to jimplify the JDK and build a callgraph and then before/after gc measure the memory footprint for both cases to get some idea. If the JDK is not large enough, I would just throw some larger libraries in the mix. "", '@mbenz89 I may have misunderstood the conversation above, but my take-aways are:\r\n1. The concern for potential overhead with linked hash maps is *memory* overhead, not time.\r\n2. We collectively have no way to determine the memory-overhead impact for clients of Soot.\r\n3. The factory-based solution you suggest nullifies that concern, since using linked hash maps becomes a Soot option.\r\n\r\n(I assume we are not concerned with the runtime performance overhead in the factory code itself, i.e., deciding whether to instantiate a linked or regular hash map. However, in case that is a concern, I will update the factory to make that decision at factory-instantiation time instead.)\r\n\r\nSo doesn’t the factory-based solution obviate the need for more rigorous performance testing?', 'Michael I am not at all a fan of the factory-based solution. It would be horrible to maintain in the future because we would need to somehow enforce that factories are, in fact, being used.\r\n\r\nFor that reason I would like to see some memory measurements to see if the footprint is, in fact, negligible. Then we could go without factories.', ""I am usually a big supporter of factories (in fact, it was my team that introduced factories for SootMethod, etc.). In this special case, however, I doubt that it makes sense, for the following reasons.\r\n\r\n- We might easily introduce new code that accidentially misses the factory and directly creates an instance. For something as basic as a set, people usually don't assume there is a factory.\r\n- Some algorithms use particular collections for a reason, such as having ordering contraints (or none of them), performance requirements on particular access patterns, etc. A generic factory cannot really help here.\r\n\r\nUnless there is a very good reason to make this change, I don't think we should do it.\r\n\r\n@ericbodden agreed."", 'I totally see your point, maintaining this is prone to error and would be a major effort.\r\n\r\nI think we should measure the impact of these ordered structures to get at least a coarse-grained view on memory requirements.\r\n\r\n> Some algorithms use particular collections for a reason, such as having ordering contraints (or none of them), performance requirements on particular access patterns, etc. A generic factory cannot really help here.\r\n\r\nThis problem would eliminate the possibility of such a bulk update of used collections altogether (independent of if we use a factory or not). I think there are a few algorithms that require ordered-collections. Do you know of opposite cases, where unordered collections are required @StevenArzt ? \r\n', '> This problem would eliminate the possibility of such a bulk update of used collections altogether (independent of if we use a factory or not). I think there are a few algorithms that require ordered-collections. Do you know of opposite cases, where unordered collections are required @StevenArzt ?\r\n\r\nNot exactly for ordering. However, not requiring an ordering can help with reducing memory consumption. Sometimes you rather take an array, or bitsets, or a HashSet, and would waste memory with a linked set.', 'Wanting to eschew the factory here makes perfect sense, and aligns with my initial argument against factories (see above).\r\n\r\nBut in that case I do not understand how to proceed with this PR, since:\r\n* The criterion of “acceptable performance overhead” in this case\xa0is not clear to me; e.g., what might be the required set of benchmarks, and threshold (?).\r\n* At the moment I do not have the resources nor expertise to conduct benchmarking.\r\n\r\nI would greatly appreciate your guidance on next steps!', ""@michael-emmi Manuel wrote:\r\n\r\n> Would you have time to investigate the memory footprint for some larger projects? This won't be perfect but we could try to jimplify the JDK and build a callgraph and then before/after gc measure the memory footprint for both cases to get some idea. If the JDK is not large enough, I would just throw some larger libraries in the mix.\r\n\r\nIs this something you could do? Or would you not find the time?"", ""> @michael-emmi Manuel wrote:\r\n> \r\n> > Would you have time to investigate the memory footprint for some larger projects? This won't be perfect but we could try to jimplify the JDK and build a callgraph and then before/after gc measure the memory footprint for both cases to get some idea. If the JDK is not large enough, I would just throw some larger libraries in the mix.\r\n> \r\n> Is this something you could do? Or would you not find the time?\r\n\r\nAt the moment I do not have the resources nor expertise to do this."", '@michael-emmi Hi! Is there a reason you deleted the PR? In general, I would be happy to have this kind of determinism in Soot, since non-determinism is something a lot of people already had their problems with during experimental evaluations. Unfortunately, we just have a lack of manpower here to get this quickly tested.\r\n\r\n@pavanupb would it make sense to use the test cases we used to test the performance impact of the synchronized maps in `Scene` to also test memory footprints among different versions of Soot? ', '> @michael-emmi Hi! Is there a reason you deleted the PR? In general, I would be happy to have this kind of determinism in Soot, since non-determinism is something a lot of people already had their problems with during experimental evaluations. Unfortunately, we just have a lack of manpower here to get this quickly tested.\r\n> \r\n> @pavanupb would it make sense to use the test cases we used to test the performance impact of the synchronized maps in `Scene` to also test memory footprints among different versions of Soot?\r\n\r\n@mbenz89 Yeah we could do that.', '@mbenz89 I did not mean to delete/close this PR —\xa0it may have been automatically closed when I revoked the changes to my fork’s branch. Apologies for that!\r\n\r\nThe reasons I revoked those changes are:\r\n1. Despite this PR’s intention to further reduce nondeterminism, a long-running experiment revealed that this PR was not quite effective in doing that.\r\n2. As you also mentioned above, the factory-based solution is not ideal. If this PR were to move forward, it would be better to do it without the CollectionFactory.\r\n\r\nAs a side-effect of the aforementioned experiment, I noticed no significant impact on memory overhead using with the linked- variants of hash sets and maps over several dozen runs on sizable codes (for which loading classes alone can take several minutes).', ""> Despite this PR’s intention to further reduce nondeterminism, a long-running experiment revealed that this PR was not quite effective in doing that.\r\n\r\nThat's unfortunate. We should effectively eliminate the non-determinism. Otherwise, I do not see a reason to merge this. However, I think this is a step in the correct direction!\r\n\r\n> As you also mentioned above, the factory-based solution is not ideal. If this PR were to move forward, it would be better to do it without the CollectionFactory.\r\n\r\nI agree. We should further test the impact on memory usage. As you theoretically and practically testified, the impact should be neglectible. If this stays true, and we fully eliminate non-determinism with it, I do not see a reason against using ordered collections all over the place.\r\n\r\n> Not exactly for ordering. However, not requiring an ordering can help with reducing memory consumption. Sometimes you rather take an array, or bitsets, or a HashSet, and would waste memory with a linked set.\r\n\r\n@StevenArzt that's why I am hesitating to go on with this change. We need to investigate the effective impact on Soot's memory footprint. If we, however, notice that the difference between ordered and non-ordered collections is indeed neglectable, would you see any other points that are against introducing ordered collections to gain a more deterministic version of Soot?\r\n\r\nBtw. I also think we should in no case replace BitSets with linked HashSets. Replacing HashSets with linked HashSets, however, shouldn't have a performance impact.""]"
64af4294998177add205c191,1802,fixed flaky tests,"Your tests assume that the iterators for the `HashSet` and `HashMap` return values in the order they were inserted. However, this is not the case since those iterators return values in a non-deterministic way (order). This results in flaky tests (tests that can fail non-deterministically and can impact the efficiency of regression testing). This proposed code change will fix this problem.",closed,[]
64af4294998177add205c424,1129,safety check added for Scene.loadBasicClasses(),"Missing basic classes means no Exceptions could be loaded and no Exception hierarchy can lead
to non-deterministic Jimple code generation: catch blocks may be removed because of
non-existing Exception hierarchy.

Hence without basic classes the worst can happen (non-deterministically). It is clearly a case where Soot is misconfigured (e.g. I had the case where a student misconfigured the Soot classpath), therefore from my perspective Soot should check that the basic classes could be loaded - the patch just checks if any class could be loaded. Hopefully this prevents false-positive situations I am not aware of (basic classes are only partially available).",closed,[]
64af4294998177add205c42d,1120,fix: java.lang.ArrayIndexOutOfBoundsException in DexAnnotation.addAnnotation,"I encountered an exception in relation to dex-related annotations.

The main problem is that the processed `AnnotationStringElemt` has `value = ""()V""`.
An the code tries to split this string into several parts which fails:

        String[] split1 = e.getValue().split(""\\ \\|"");
        String classString = split1[0];
        String methodString = split1[1]; // <<--- exception origin
        String parameters = split1[2];
        String returnType = split1[3];

On smali level the relevant annotation is: 

```
.annotation system Ldalvik/annotation/EnclosingMethod;
    value = ""()V""
.end annotation
```

I don't have experience with this annotation, but the usual format seems to be different, at least Soot expects it to be different. Therefore I implemented this workaround that checks and skips the annotation in case it doe snot have the expected format.

APK: https://apkpure.com/de/car-net/de.volkswagen.carnet.eu.eremote/download/1902071630-APK?from=versions%2Fversion

Processed class: Lde/idnow/sdk/Activities_EntryActivity$3;

The full stack trace is:
```
java.lang.ArrayIndexOutOfBoundsException: Index 1 out of bounds for length 1
	at soot.dexpler.DexAnnotation.addAnnotation(DexAnnotation.java:524) ~[classes/:na]
	at soot.dexpler.DexAnnotation.handleAnnotation(DexAnnotation.java:443) ~[classes/:na]
	at soot.dexpler.DexAnnotation.handleClassAnnotation(DexAnnotation.java:137) ~[classes/:na]
	at soot.dexpler.DexClassLoader.makeSootClass(DexClassLoader.java:129) ~[classes/:na]
	at soot.dexpler.DexlibWrapper.makeSootClass(DexlibWrapper.java:162) ~[classes/:na]
	at soot.dexpler.DexResolver.resolveFromFile(DexResolver.java:63) ~[classes/:na]
	at soot.DexClassSource.resolve(DexClassSource.java:63) ~[classes/:na]
	at soot.SootResolver.bringToHierarchyUnchecked(SootResolver.java:240) ~[classes/:na]
	at soot.SootResolver.bringToHierarchy(SootResolver.java:214) ~[classes/:na]
	at soot.SootResolver.bringToSignatures(SootResolver.java:279) ~[classes/:na]
	at soot.SootResolver.bringToBodies(SootResolver.java:319) ~[classes/:na]
	at soot.SootResolver.processResolveWorklist(SootResolver.java:164) ~[classes/:na]
	at soot.SootResolver.resolveClass(SootResolver.java:134) ~[classes/:na]
	at soot.dexpler.DexlibWrapper.initialize(DexlibWrapper.java:150) ~[classes/:na]
	at soot.dexpler.DexResolver.initializeDexFile(DexResolver.java:81) ~[classes/:na]
	at soot.dexpler.DexResolver.resolveFromFile(DexResolver.java:62) ~[classes/:na]
	at soot.DexClassSource.resolve(DexClassSource.java:63) ~[classes/:na]
	at soot.SootResolver.bringToHierarchyUnchecked(SootResolver.java:240) ~[classes/:na]
	at soot.SootResolver.bringToHierarchy(SootResolver.java:214) ~[classes/:na]
	at soot.SootResolver.bringToSignatures(SootResolver.java:279) ~[classes/:na]
	at soot.SootResolver.bringToBodies(SootResolver.java:319) ~[classes/:na]
	at soot.SootResolver.processResolveWorklist(SootResolver.java:164) ~[classes/:na]
	at soot.SootResolver.resolveClass(SootResolver.java:134) ~[classes/:na]
	at soot.Scene.loadClass(Scene.java:942) ~[classes/:na]
	at soot.Scene.loadClassAndSupport(Scene.java:927) ~[classes/:na]
	at soot.Scene.loadNecessaryClasses(Scene.java:1753) ~[classes/:na]
```

",closed,"[""@mbenz89 Is it possible that the Soot CI build server does not work correctly? Because I can't reproduce those errors mentioned in `Build and Test`. On my system 'mvn test'  completes without any error (Tests run: 47, Failures: 0, Errors: 0, Skipped: 0)."", 'The test failure seems to be non-deterministic and is not introduced by this PR. The latest soot development branch is also affected. However this error only occurs every 4th or 5th test run.', '@soot-ci retest this please', '@soot-ci retest this please', ""Thanks for reporting! Unfortunately, I couldn't reproduce the problem locally yet.\r\nI'll open a new issue...""]"
64af4294998177add205c4fe,910,Use slf4j instead of G.v().out ,As discussed in https://github.com/Sable/soot/pull/401#issuecomment-341720455 I changed all the G.v().out requests to slf4j.,closed,"['Can one of the admins verify this patch?', 'ok to test', '@jpstotz Can you have a look at the test failures, please?', 'I accidentally modified the code that was analyzed (`MethodThrowableSetClass.java`) by the TestCase that failed. Seems like the TestCase relies on `e.printStracTrace()`. reverted that file and now it passes the test.\r\n\r\nThe strange part is that on my local system the EnumTest and some other tests now fail but on the ci those tests work. Can it be that some tests are not reliable/deterministic at the moment?', ""@jpstotz Thanks for your contribution!\r\n\r\nI've never stumbled across any non-determinism regarding the tests outcomes. I wouldn't say there isn't, though. Were you able to track down the issue locally?"", ""I just performed some test using different branches. In the end I executed the branch with the failing tests using the command `mvn clean package  -U` (clean and update snapshots). Afterwards no test fails anymore.\r\n\r\nI don't fully understand it but my guess is that it was caused by an outdated snapshot of a dependency or a sub-dependency of a snapshot. The failing String comparison assertion e.g. of `EnumTest` were looking not completely wrong, but had minor differences. It looked like it had been formatted with a different version."", 'Looks like you also replaced all the calls to `G.v().out` in Main.java with `logger.debug()`. Combined with the fact that the default logging level is set to `INFO` means that there is now by default absolutely no console output anymore, apart from errors...', 'Good point! @jpstotz Could you fix this?\r\n\r\n', 'I already did what Github suggested and deleted the branch this pull request bases on. Therefore I made a new pull request: https://github.com/Sable/soot/pull/916']"
64af4294998177add205c379,1300,Add gitpod config,"this commit adds support for Gitpod.io, a free automated
dev environment that makes contributing and generally working on GitHub
projects much easier. It allows anyone to start a ready-to-code dev
environment for any branch, issue and pull request with a single click.",closed,"['@anddann @mbenz89 do you see why this build fails? is this a flaky test maybe?', 'The parallel build execution makes the tests non-deterministically fail due to shared workspaces. \r\nWe already fixed this in the develop branch and will merge it back with the next release.\r\n\r\nGenerally, though, please do not merge or push directly to the master branch. Builds of the master branch will be published directly to Maven Central which does not allow re-deployment of artifacts. Therefore, either the version of our artifact has to change or the build will fail.\r\n\r\nOf course, we can ignore the failed build but then the badge turns red indicating a build failure and Soot master is deviating from the actual release artifact. \r\n\r\nEventually, we might want to not trigger the build if only the README or such changed. For now, please introduce changes to the develop branch first so we can merge them back with the next release.\r\n  ', ""Hmm, I don't quite understand why you are writing about merges into the master branch. It was never my intention to merge into master, this pull request is intended to be merged into develop. Had I misconfigured this?"", 'It was targeted towards master before I changed it. No problem at all. Just wanted to make sure we are on the same page :).']"
64af4294998177add205c456,1078,Implement parameter adaptation in LambdaMetaFactory,"This is based on work started in #701, and has been rebased on #1056 to incorporate additional fixes.

Summary:

1) Implemented modeling of parameter adaptation. This is required to handle conversion of primitives to their wrapper types (boxing and unboxing).

2) Enabled writing generated classes to another format, such as .class.

3) Generated class names follow naming pattern based on the class enclosing the original invoke dynamic instruction.

4) Removed BridgeMethodSource; ThunkMethodSource handles all cases. The implementation follows #701: samMethodType and the bridges are signatures to be implemented by the functional object, and each one delegates to the implMethod. Bridge methods should only be necessary for the altMetaFactory, and in practice we have found no cases in the wild from the OpenJDK compiler (and only one from the Eclipse compiler).

5) Although #1056 contains fixes for invocation style handling, this may add even more fixes (this was implemented prior to #1056, and I have not performed a detailed comparison).


Why these changes are needed:

The following class contains a method reference which requires a parameter adaptation from int to Integer. This conversion has to be implemented within the thunk class; it cannot be performed at the call site in parameterBoxing().  See the LambdaMetaFactory javadoc and JLS 5.1.7 for details.

```
public class Adapt1 {
	interface IntInterfaceParam {
		public void adapt(int p);
	}
	interface IntegerInterfaceParam {
		public void adapt(Integer p);
	}
	public void parameterBoxing(IntegerInterfaceParam I1param) {
		// JLS 5.1.7
		// int -> Integer
		IntInterfaceParam I0var = I1param::adapt;
		I0var.adapt(1);
	}
};

```

Testing:

For dynamic testing, we converted the JavaPoet library (which uses lambdas), and all JUnits continued to pass.

In addition, we wrote some tests which we converted to Jimple text format and visually inspected.  These include enumerated cases for parameter adaptation (Adapt.java), and a method reference to an array constructor (ArrayConstructorReference.java). These may be worth turning into test cases, I have included them in the zip file.


Additional observations:

1) Synchronization issues persist in #1056. Added synchronization to LambdaMetaFactory.makeLambdaHelper() as a workaround, but this is likely the wrong way to fix the race conditions. Two distinct stack traces are included in the zip file which result if the method is unsynchronized. Perhaps the data structures in Scene are not properly synchronized with respect to whatever operations the LambdaMetaFactory performs?

2) Before integration, consider making this feature optional. When writing transformed class files, the invokedynamic instructions will have been replaced (by design). This might be undesirable for some use cases.

3) The names of generated classes are potentially non-deterministic because a single counter is used to name the classes, and method conversion may occur in parallel. This issue need not block integration, but it might complicate creating test cases.

[LMF-attachments.zip](https://github.com/Sable/soot/files/2659207/LMF-attachments.zip)



",closed,"[""This looks very nice, I'll have a look in the following days!"", 'That synchronization issue you are talking about, can it be reproduced by reading-in and writing-out the JavaPoet library?', 'Thanks for your contribution!\r\n\r\nWould be great if you tell me how to reproduce the stated exceptions still.']"
64af4294998177add205c2e0,1454,JUnit tests fail for soot 4.2.1 (current master branch) on Windows,"When I try to build soot from master branch it deterministically fails on the unit tests 

* DexByteCodeInstrutionsTest.InvokeCustom1:115->AbstractTestingFramework.prepareTarget:97->AbstractTestingFramework.prepareTarget:114 » Runtime
* DexByteCodeInstrutionsTest.InvokePolymorphic1:99->AbstractTestingFramework.prepareTarget:97->AbstractTestingFramework.prepareTarget:114 » Runtime

Platform: Windows 10, openjdk 11.0.8 2020-07-14 (AdoptOpenJDK).

```
soot.dexpler.instructions.DexByteCodeInstrutionsTest.InvokeCustom1  Time elapsed: 0.436 s  <<< ERROR!
java.lang.RuntimeException: Attempt to create RefType containing a / --> com/sun/rmi/rmid/ExecOptionPermission$ExecOptionPermissionCollection
	at soot.RefType.<init>(RefType.java:64)
	at soot.Scene.lambda$getOrAddRefType$1(Scene.java:2139)
	at java.base/java.util.concurrent.ConcurrentHashMap.computeIfAbsent(ConcurrentHashMap.java:1705)
	at soot.Scene.getOrAddRefType(Scene.java:2139)
	at soot.RefType.v(RefType.java:86)
	at soot.SootClass.initializeRefType(SootClass.java:126)
	at soot.SootClass.<init>(SootClass.java:107)
	at soot.SootClass.<init>(SootClass.java:136)
	at soot.SootResolver.makeClassRef(SootResolver.java:124)
	at soot.SootResolver.resolveClass(SootResolver.java:139)
	at soot.Scene.loadClass(Scene.java:1069)
	at soot.Scene.loadClassAndSupport(Scene.java:1054)
	at soot.Scene.loadNecessaryClasses(Scene.java:1861)
	at soot.testing.framework.AbstractTestingFramework.prepareTarget(AbstractTestingFramework.java:114)
	at soot.testing.framework.AbstractTestingFramework.prepareTarget(AbstractTestingFramework.java:97)
	at soot.dexpler.instructions.DexByteCodeInstrutionsTest.InvokeCustom1(DexByteCodeInstrutionsTest.java:115)
	at java.base/jdk.internal.reflect.NativeMethodAccessorImpl.invoke0(Native Method)
	at java.base/jdk.internal.reflect.NativeMethodAccessorImpl.invoke(NativeMethodAccessorImpl.java:62)
	at java.base/jdk.internal.reflect.DelegatingMethodAccessorImpl.invoke(DelegatingMethodAccessorImpl.java:43)
	at java.base/java.lang.reflect.Method.invoke(Method.java:566)
	at org.junit.internal.runners.TestMethod.invoke(TestMethod.java:68)
	at org.powermock.modules.junit4.internal.impl.PowerMockJUnit44RunnerDelegateImpl$PowerMockJUnit44MethodRunner.runTestMethod(PowerMockJUnit44RunnerDelegateImpl.java:326)
	at org.junit.internal.runners.MethodRoadie$2.run(MethodRoadie.java:89)
	at org.junit.internal.runners.MethodRoadie.runBeforesThenTestThenAfters(MethodRoadie.java:97)
	at org.powermock.modules.junit4.internal.impl.PowerMockJUnit44RunnerDelegateImpl$PowerMockJUnit44MethodRunner.executeTest(PowerMockJUnit44RunnerDelegateImpl.java:310)
	at org.powermock.modules.junit4.internal.impl.PowerMockJUnit47RunnerDelegateImpl$PowerMockJUnit47MethodRunner.executeTestInSuper(PowerMockJUnit47RunnerDelegateImpl.java:131)
	at org.powermock.modules.junit4.internal.impl.PowerMockJUnit47RunnerDelegateImpl$PowerMockJUnit47MethodRunner.access$100(PowerMockJUnit47RunnerDelegateImpl.java:59)
	at org.powermock.modules.junit4.internal.impl.PowerMockJUnit47RunnerDelegateImpl$PowerMockJUnit47MethodRunner$TestExecutorStatement.evaluate(PowerMockJUnit47RunnerDelegateImpl.java:147)
	at org.powermock.modules.junit4.internal.impl.PowerMockJUnit47RunnerDelegateImpl$PowerMockJUnit47MethodRunner.evaluateStatement(PowerMockJUnit47RunnerDelegateImpl.java:107)
	at org.powermock.modules.junit4.internal.impl.PowerMockJUnit47RunnerDelegateImpl$PowerMockJUnit47MethodRunner.executeTest(PowerMockJUnit47RunnerDelegateImpl.java:82)
	at org.powermock.modules.junit4.internal.impl.PowerMockJUnit44RunnerDelegateImpl$PowerMockJUnit44MethodRunner.runBeforesThenTestThenAfters(PowerMockJUnit44RunnerDelegateImpl.java:298)
	at org.junit.internal.runners.MethodRoadie.runTest(MethodRoadie.java:87)
	at org.junit.internal.runners.MethodRoadie.run(MethodRoadie.java:50)
	at org.powermock.modules.junit4.internal.impl.PowerMockJUnit44RunnerDelegateImpl.invokeTestMethod(PowerMockJUnit44RunnerDelegateImpl.java:218)
	at org.powermock.modules.junit4.internal.impl.PowerMockJUnit44RunnerDelegateImpl.runMethods(PowerMockJUnit44RunnerDelegateImpl.java:160)
	at org.powermock.modules.junit4.internal.impl.PowerMockJUnit44RunnerDelegateImpl$1.run(PowerMockJUnit44RunnerDelegateImpl.java:134)
	at org.junit.internal.runners.ClassRoadie.runUnprotected(ClassRoadie.java:34)
	at org.junit.internal.runners.ClassRoadie.runProtected(ClassRoadie.java:44)
	at org.powermock.modules.junit4.internal.impl.PowerMockJUnit44RunnerDelegateImpl.run(PowerMockJUnit44RunnerDelegateImpl.java:136)
	at org.powermock.modules.junit4.common.internal.impl.JUnit4TestSuiteChunkerImpl.run(JUnit4TestSuiteChunkerImpl.java:117)
	at org.powermock.modules.junit4.common.internal.impl.AbstractCommonPowerMockRunner.run(AbstractCommonPowerMockRunner.java:57)
	at org.powermock.modules.junit4.PowerMockRunner.run(PowerMockRunner.java:59)
	at org.junit.runners.Suite.runChild(Suite.java:128)
	at org.junit.runners.Suite.runChild(Suite.java:27)
	at org.junit.runners.ParentRunner$3.run(ParentRunner.java:290)
	at org.junit.runners.ParentRunner$1.schedule(ParentRunner.java:71)
	at org.junit.runners.ParentRunner.runChildren(ParentRunner.java:288)
	at org.junit.runners.ParentRunner.access$000(ParentRunner.java:58)
	at org.junit.runners.ParentRunner$2.evaluate(ParentRunner.java:268)
	at org.junit.runners.ParentRunner.run(ParentRunner.java:363)
	at org.apache.maven.surefire.junitcore.JUnitCore.run(JUnitCore.java:55)
	at org.apache.maven.surefire.junitcore.JUnitCoreWrapper.createRequestAndRun(JUnitCoreWrapper.java:137)
	at org.apache.maven.surefire.junitcore.JUnitCoreWrapper.executeEager(JUnitCoreWrapper.java:107)
	at org.apache.maven.surefire.junitcore.JUnitCoreWrapper.execute(JUnitCoreWrapper.java:83)
	at org.apache.maven.surefire.junitcore.JUnitCoreWrapper.execute(JUnitCoreWrapper.java:75)
	at org.apache.maven.surefire.junitcore.JUnitCoreProvider.invoke(JUnitCoreProvider.java:158)
	at org.apache.maven.surefire.booter.ForkedBooter.runSuitesInProcess(ForkedBooter.java:377)
	at org.apache.maven.surefire.booter.ForkedBooter.execute(ForkedBooter.java:138)
	at org.apache.maven.surefire.booter.ForkedBooter.run(ForkedBooter.java:465)
	at org.apache.maven.surefire.booter.ForkedBooter.main(ForkedBooter.java:451)
```



```
[ERROR] soot.dexpler.instructions.DexByteCodeInstrutionsTest.InvokePolymorphic1  Time elapsed: 1.654 s  <<< ERROR!
java.lang.RuntimeException: Attempt to create RefType containing a / --> com/sun/rmi/rmid/ExecOptionPermission$ExecOptionPermissionCollection
        at soot.RefType.<init>(RefType.java:64)
        at soot.Scene.lambda$getOrAddRefType$1(Scene.java:2139)
        at java.base/java.util.concurrent.ConcurrentHashMap.computeIfAbsent(ConcurrentHashMap.java:1705)
        at soot.Scene.getOrAddRefType(Scene.java:2139)
        at soot.RefType.v(RefType.java:86)
        at soot.SootClass.initializeRefType(SootClass.java:126)
        at soot.SootClass.<init>(SootClass.java:107)
        at soot.SootClass.<init>(SootClass.java:136)
        at soot.SootResolver.makeClassRef(SootResolver.java:124)
        at soot.SootResolver.resolveClass(SootResolver.java:139)
        at soot.Scene.loadClass(Scene.java:1069)
        at soot.Scene.loadClassAndSupport(Scene.java:1054)
        at soot.Scene.loadNecessaryClasses(Scene.java:1861)
        at soot.testing.framework.AbstractTestingFramework.prepareTarget(AbstractTestingFramework.java:114)
        at soot.testing.framework.AbstractTestingFramework.prepareTarget(AbstractTestingFramework.java:97)
        at soot.dexpler.instructions.DexByteCodeInstrutionsTest.InvokePolymorphic1(DexByteCodeInstrutionsTest.java:99)
        at java.base/jdk.internal.reflect.NativeMethodAccessorImpl.invoke0(Native Method)
        at java.base/jdk.internal.reflect.NativeMethodAccessorImpl.invoke(NativeMethodAccessorImpl.java:62)
        at java.base/jdk.internal.reflect.DelegatingMethodAccessorImpl.invoke(DelegatingMethodAccessorImpl.java:43)
        at java.base/java.lang.reflect.Method.invoke(Method.java:566)
        at org.junit.internal.runners.TestMethod.invoke(TestMethod.java:68)
        at org.powermock.modules.junit4.internal.impl.PowerMockJUnit44RunnerDelegateImpl$PowerMockJUnit44MethodRunner.runTestMethod(PowerMockJUnit44RunnerDelegateImpl.java:326)
        at org.junit.internal.runners.MethodRoadie$2.run(MethodRoadie.java:89)
        at org.junit.internal.runners.MethodRoadie.runBeforesThenTestThenAfters(MethodRoadie.java:97)
        at org.powermock.modules.junit4.internal.impl.PowerMockJUnit44RunnerDelegateImpl$PowerMockJUnit44MethodRunner.executeTest(PowerMockJUnit44RunnerDelegateImpl.java:310)
        at org.powermock.modules.junit4.internal.impl.PowerMockJUnit47RunnerDelegateImpl$PowerMockJUnit47MethodRunner.executeTestInSuper(PowerMockJUnit47RunnerDelegateImpl.java:131)
        at org.powermock.modules.junit4.internal.impl.PowerMockJUnit47RunnerDelegateImpl$PowerMockJUnit47MethodRunner.access$100(PowerMockJUnit47RunnerDelegateImpl.java:59)
        at org.powermock.modules.junit4.internal.impl.PowerMockJUnit47RunnerDelegateImpl$PowerMockJUnit47MethodRunner$TestExecutorStatement.evaluate(PowerMockJUnit47RunnerDelegateImpl.java:147)
        at org.powermock.modules.junit4.internal.impl.PowerMockJUnit47RunnerDelegateImpl$PowerMockJUnit47MethodRunner.evaluateStatement(PowerMockJUnit47RunnerDelegateImpl.java:107)
        at org.powermock.modules.junit4.internal.impl.PowerMockJUnit47RunnerDelegateImpl$PowerMockJUnit47MethodRunner.executeTest(PowerMockJUnit47RunnerDelegateImpl.java:82)
        at org.powermock.modules.junit4.internal.impl.PowerMockJUnit44RunnerDelegateImpl$PowerMockJUnit44MethodRunner.runBeforesThenTestThenAfters(PowerMockJUnit44RunnerDelegateImpl.java:298)
        at org.junit.internal.runners.MethodRoadie.runTest(MethodRoadie.java:87)
        at org.junit.internal.runners.MethodRoadie.run(MethodRoadie.java:50)
        at org.powermock.modules.junit4.internal.impl.PowerMockJUnit44RunnerDelegateImpl.invokeTestMethod(PowerMockJUnit44RunnerDelegateImpl.java:218)
        at org.powermock.modules.junit4.internal.impl.PowerMockJUnit44RunnerDelegateImpl.runMethods(PowerMockJUnit44RunnerDelegateImpl.java:160)
        at org.powermock.modules.junit4.internal.impl.PowerMockJUnit44RunnerDelegateImpl$1.run(PowerMockJUnit44RunnerDelegateImpl.java:134)
        at org.junit.internal.runners.ClassRoadie.runUnprotected(ClassRoadie.java:34)
        at org.junit.internal.runners.ClassRoadie.runProtected(ClassRoadie.java:44)
        at org.powermock.modules.junit4.internal.impl.PowerMockJUnit44RunnerDelegateImpl.run(PowerMockJUnit44RunnerDelegateImpl.java:136)
        at org.powermock.modules.junit4.common.internal.impl.JUnit4TestSuiteChunkerImpl.run(JUnit4TestSuiteChunkerImpl.java:117)
        at org.powermock.modules.junit4.common.internal.impl.AbstractCommonPowerMockRunner.run(AbstractCommonPowerMockRunner.java:57)
        at org.powermock.modules.junit4.PowerMockRunner.run(PowerMockRunner.java:59)
        at org.junit.runners.Suite.runChild(Suite.java:128)
        at org.junit.runners.Suite.runChild(Suite.java:27)
        at org.junit.runners.ParentRunner$3.run(ParentRunner.java:290)
        at org.junit.runners.ParentRunner$1.schedule(ParentRunner.java:71)
        at org.junit.runners.ParentRunner.runChildren(ParentRunner.java:288)
        at org.junit.runners.ParentRunner.access$000(ParentRunner.java:58)
        at org.junit.runners.ParentRunner$2.evaluate(ParentRunner.java:268)
        at org.junit.runners.ParentRunner.run(ParentRunner.java:363)
        at org.apache.maven.surefire.junitcore.JUnitCore.run(JUnitCore.java:55)
        at org.apache.maven.surefire.junitcore.JUnitCoreWrapper.createRequestAndRun(JUnitCoreWrapper.java:137)
        at org.apache.maven.surefire.junitcore.JUnitCoreWrapper.executeEager(JUnitCoreWrapper.java:107)
        at org.apache.maven.surefire.junitcore.JUnitCoreWrapper.execute(JUnitCoreWrapper.java:83)
        at org.apache.maven.surefire.junitcore.JUnitCoreWrapper.execute(JUnitCoreWrapper.java:75)
        at org.apache.maven.surefire.junitcore.JUnitCoreProvider.invoke(JUnitCoreProvider.java:158)
        at org.apache.maven.surefire.booter.ForkedBooter.runSuitesInProcess(ForkedBooter.java:377)
        at org.apache.maven.surefire.booter.ForkedBooter.execute(ForkedBooter.java:138)
        at org.apache.maven.surefire.booter.ForkedBooter.run(ForkedBooter.java:465)
        at org.apache.maven.surefire.booter.ForkedBooter.main(ForkedBooter.java:451)


```


",closed,['I would assume that at some point a file path is parsed using the wrong path separator char. \r\nHowever debugging the mentioned test case seems to be pretty hard in soot.\r\n\r\nI tried to execute only this unit test via `mvn -Dtest=*DexByteCodeInstrutionsTest* test` but executed this way the test always fail with a NullPointerException. \r\n\r\nIs there a way to execute a single test case because always having to execute the whole soot unit test suite is really slowing down the development and makes it really hard to find the output of the test case you are looking for.']
