_id,sha,author,message,date
64b02a25db66c7a5db95fa05,f1ddb98c43721555dbd5c9efdaf40d4c023038d4,sjfink,"revamp deterministic hash code support for a few key classes

git-svn-id: https://wala.svn.sourceforge.net/svnroot/wala/trunk@2804 f5eafffb-2e1d-0410-98e4-8ec43c5233c4",2008-05-12 14:22:34
64b02a25db66c7a5db95fa04,f0a64f7efda90bbfb23a02245b5106f4f0fb539d,sjfink,"revamp deterministic hash code support for a few key classes

git-svn-id: https://wala.svn.sourceforge.net/svnroot/wala/trunk@2803 f5eafffb-2e1d-0410-98e4-8ec43c5233c4",2008-05-12 14:22:17
64b02a25db66c7a5db95fa03,9956ead5458896e079d007722a1f3805cd78feb8,sjfink,"revamp deterministic hash code support for a few key classes

git-svn-id: https://wala.svn.sourceforge.net/svnroot/wala/trunk@2802 f5eafffb-2e1d-0410-98e4-8ec43c5233c4",2008-05-12 14:22:11
64b02a25db66c7a5db95fbce,f9aa9e6d96f748b0cc136e92b27ccb9f8d4f300b,sjfink,"patch from Y. Havviv to enforce deterministic order loading classes

git-svn-id: https://wala.svn.sourceforge.net/svnroot/wala/trunk@3314 f5eafffb-2e1d-0410-98e4-8ec43c5233c4",2009-03-15 13:01:57
64b02a25db66c7a5db960cbc,8034cda5f74f0f221ef8454632edcbad6ff79d35,Manu Sridharan,"Limit how long Kawa call graph construction runs (#904)

The `KawaCallGraphTest` tests take too long to run.  This adds a limit to how many fixed point iterations the call graph construction runs for, which yields enough runs to pass the assertions while making the tests terminate faster.  This may cause an unexpected failure later if we tweak the internals of our fixed point computations, but that code is pretty stable.  And this approach is less flaky than just setting a timeout, since our core fixed point code is pretty deterministic AFAIK.  Plus, I don't know enough about what is being tested here to reduce the input enough to make a fast-running unit test.",2021-07-02 00:51:01
