_id,id,title,body,state,comments
64af4294998177add205c112,1934,"Can Soot analyze multi-threaded application, if so, can you please refer me to a related resource?","Hello,

I developed a small CHA Soot tool that plots the Call Graph. The tools work fine on single-threaded applications. Yet, when I introduce a multi-thread application to be plotted, I get the below error. 

`
Exception in thread ""main"" java.lang.RuntimeException: Could not load classfile: 
	at soot.coffi.Util.resolveFromClassFile(Util.java:75)
	at soot.CoffiClassSource.resolve(CoffiClassSource.java:39)
	at soot.SootResolver.bringToHierarchy(SootResolver.java:215)
	at soot.SootResolver.bringToSignatures(SootResolver.java:239)
	at soot.SootResolver.bringToBodies(SootResolver.java:280)
	at soot.SootResolver.processResolveWorklist(SootResolver.java:150)
	at soot.SootResolver.resolveClass(SootResolver.java:124)
	at soot.Scene.loadClass(Scene.java:448)
	at soot.Scene.loadClassAndSupport(Scene.java:433)
	at soot.Scene.loadNecessaryClass(Scene.java:1053)
	at soot.Scene.loadNecessaryClasses(Scene.java:1067)
	at soot.Main.run(Main.java:167)
	at soot.Main.main(Main.java:141)
	at Main.main(Main.java:219)
`

I know it is a multi-threading error since the same application works when I extract the concurrency from it. Can Soot be used to analyze multi-threaded applications, if so, can someone please refer me to related articles since I'm assuming it doesn't out-of-the-box?


Thank you

",open,[]
64af4294998177add205c188,1811,[java.util.ConcurrentModificationException]Caused by Collections.synchronizedList in SootClass,"&ensp; &ensp; When I used soot to analyze andorid classes, I encountered a concurrency bug:
```
[Thread-13] ERROR heros.solver.CountingThreadPoolExecutor - Worker thread execution failed: Failed to apply jb to <com.ichi2.utils.JSONObject: java.lang.Object get(java.lang.String)>
java.lang.RuntimeException: Failed to apply jb to <com.ichi2.utils.JSONObject: java.lang.Object get(java.lang.String)>
	at soot.asm.AsmMethodSource.getBody(AsmMethodSource.java:2282)
	at soot.SootMethod.retrieveActiveBody(SootMethod.java:446)
	at soot.PackManager.lambda$retrieveAllBodies$2(PackManager.java:1252)
	at java.base/java.util.concurrent.ThreadPoolExecutor.runWorker(ThreadPoolExecutor.java:1128)
	at java.base/java.util.concurrent.ThreadPoolExecutor$Worker.run(ThreadPoolExecutor.java:628)
	at java.base/java.lang.Thread.run(Thread.java:829)
Caused by: java.util.ConcurrentModificationException
	at java.base/java.util.ArrayList$Itr.checkForComodification(ArrayList.java:1043)
	at java.base/java.util.ArrayList$Itr.next(ArrayList.java:997)
	at soot.FastHierarchy.getSignaturePolymorphicMethod(FastHierarchy.java:932)
```
&ensp; &ensp; I tried debugging and found that it may be caused by `` List<SootMethod> methodList `` in ``soot.SootClass``.
&ensp; &ensp; According to ``soot.SootClass:679`` and ``soot.SootClass:700``(both are ``this.methodList = Collections.synchronizedList(new ArrayList<>());``), we can know that ``methodList`` is a `synchronizedList`.
&ensp; &ensp; However, ``synchronizedList`` can only guarantee the safety of ``reading`` and ``writing``, but not the safety of ``iteration``. 
&ensp; &ensp; This is the description of iterator in the ``synchronizedList``'s source code: 
```
public ListIterator<E> listIterator() {
    return list.listIterator(); // Must be manually synched by user
}

public ListIterator<E> listIterator(int index) {
    return list.listIterator(index); // Must be manually synched by user
}
```
&ensp; &ensp; So I replaced  ``synchronizedList`` with ``ConcurrentLinkedQueue``. After the modification, the concurrency bug is fixed.",open,"[""I submitted a PR #1814 , I'd appreciate it if you can help check whether the modification is correct"", 'I met this problem recently as well. And I also found that methodList is a synchronizedList.\r\nThe source code of ArrayList.java indicates that ConcurrentModificationException occurs if List is modified (e.g. add or remove operation) while iteration.\r\nHowever, my codes have nothing to do with methodList itself. I just traverse the list, get or set members of some methods, but never modify the methodList. It confuses me a lot.']"
64af4294998177add205c2e1,1453,Make ArrayBoundsChecker a whole-program analysis to fix a concurrency bug,"This fixes #1354. It's caused by the fact that multiple running ArrayBoundsChecker transformations can run certain analyses (SimpleLocalDefs) on the same method, resulting into data being overwritten (in this case, the local.getNumber field). I suspect this happened, because the transformation was designed before (2000) Soot parallelized BodyTransformation's or even supported SceneTransformation's.

I'm not sure if I modified all the documentation correctly. GitHub pages still needs to be modified I think. Furthermore, I added a -w flag to the annot-arraybounds, since now its a whole-program transformation. As for the ui code (PhaseOptionsDialog) I didn't test it.

I've tested the transformation and it works in whole-program mode. Hope this is of any use.",open,"['On second note, I made ArrayBoundsCheck run for all reachable methods, as a whole-program transformation. Maybe a config option should be added incase someone wants to run the transformation only on application classes?']"
64af4294998177add205c355,1337,Make the UnconditionalBranchFolder class stateless to avoid concurrency issues,"In issue #1336 we reported a `NullPointerException` that appears sporadically as part of a race condition and that we have a created a bugfix (Pull Request) for:

```java
java.lang.NullPointerException
	at soot.jimple.toolkits.scalar.UnconditionalBranchFolder.internalTransform(UnconditionalBranchFolder.java:74)
	at soot.BodyTransformer.transform(BodyTransformer.java:51)
	at soot.Transform.apply(Transform.java:120)
	at soot.BodyPack.internalApply(BodyPack.java:50)
	at soot.Pack.apply(Pack.java:125)
	at soot.PackManager.runBodyPacks(PackManager.java:1009)
	at soot.PackManager.lambda$runBodyPacks$0(PackManager.java:660)
	at java.base/java.util.concurrent.ThreadPoolExecutor.runWorker(ThreadPoolExecutor.java:1128)
	at java.base/java.util.concurrent.ThreadPoolExecutor$Worker.run(ThreadPoolExecutor.java:628)
	at java.base/java.lang.Thread.run(Thread.java:834)
```

### Problem
In our understanding (which might be wrong), it could happen that the same instance of the class `UnconditionalBranchFolder` is used by multiple threads. It is this assumption that led us to the following bug explanation:

The class `PackManager` spawns multiple threads that perform body transformations on the JIMPLE Code and the `UnconditionalBranchFolder` is one class that is part of such a body transformation.

The `UnconditionalBranchFolder` class creates two integer arrays `numFound` and `numFixed`, which it stores as attributes. This is done on-demand, meaning that the arrays are allocated as soon as the first thread requires access to it [1].

The NullPointerException can happen if one thread already allocated the `numFound` array in line 68, but not yet the `numFixed` array in line 69:
```java
    // allocate counters once only
    if (numFound == null) {
      numFound = new int[JUMPOPT_TYPES + 1];
      numFixed = new int[JUMPOPT_TYPES + 1];
    }
```

Then, another thread skips the allocation, because the if-statement in line 67 evaluates to `false` and as `numFixed` is still `null`, it runs into a null pointer access in line 74.

There are other race-conditions possible, but they currently stay unobserved. For example, it could be that one thread started to store values into such array in the for loop, but in the meantime the array is reassigned by another thread, so that the calculated values until that point are lost and the analysis continues on invalid data.

Therefore we decided to not use attributes in this case, but to have each execution of the `internalTransform()` method to operate on its own datastructure.

[1] https://github.com/Sable/soot/blob/master/src/main/java/soot/jimple/toolkits/scalar/UnconditionalBranchFolder.java#L66

### Our solution
Instead of storing the ""state"" in instance variables, the state is stored in local variables and passed to other methods via parameters methods as needed.
",closed,"['Hi Ingo. \r\n\r\nThanks for the great issue report and the pull request, it is highly appreciated!\r\n\r\nGenerally speaking, Soot is full of such race condition issues since the jimplification was not always parallelized. Some time ago it got parallelized, but not all the code was adapted accordingly. We still run into such race conditions from time to time. \r\n\r\nYour fix makes total sense to me. Indeed, since `numFixed ` and `numFound ` are only used for body-based reporting, sharing them over multiple threads does not make sense at all. ', '1337... what a great number for a PR:) *SCNR*', 'Thanks also go to Marcus Hüwe for creating the bugfix.']"
64af4294998177add205c3e3,1194,Concurrency issues in Soot tests,"We just moved our internal Soot build at SIT to a massively parallel new build system. On this system, the Soot test cases randomly fail without any code changes for no apparent reason. I therefore guess we have quite some concurrency issues.

```
[Thread-20] ERROR heros.solver.CountingThreadPoolExecutor - Worker thread execution failed: Failed to convert <soot.lambdaMetaFactory.Adapt: void lambda$parameterWidening$4(java.lang.Integer)>
	at soot.asm.AsmMethodSource.getBody(AsmMethodSource.java:2040)
	at soot.SootMethod.retrieveActiveBody(SootMethod.java:402)
	at soot.PackManager$1.run(PackManager.java:1279)
	at java.util.concurrent.ThreadPoolExecutor.runWorker(ThreadPoolExecutor.java:1149)
	at java.util.concurrent.ThreadPoolExecutor$Worker.run(ThreadPoolExecutor.java:624)
	at java.lang.Thread.run(Thread.java:748)
Caused by: java.lang.RuntimeException: This operation requires resolving level HIERARCHY but java.io.PrintStream is at resolving level DANGLING
If you are extending Soot, try to add the following call before calling soot.Main.main(..):
Scene.v().addBasicClass(java.io.PrintStream,HIERARCHY);
Otherwise, try whole-program mode (-w).
	at soot.SootClass.checkLevelIgnoreResolving(SootClass.java:183)
	at soot.jimple.internal.JVirtualInvokeExpr.<init>(JVirtualInvokeExpr.java:43)
	at soot.jimple.Jimple.newVirtualInvokeExpr(Jimple.java:469)
	at soot.asm.AsmMethodSource.convertMethodInsn(AsmMethodSource.java:1319)
	at soot.asm.AsmMethodSource.convert(AsmMethodSource.java:1789)
	at soot.asm.AsmMethodSource.getBody(AsmMethodSource.java:2038)
	... 5 more
```

Afterwards, we get some follow-up issues that are likely caused by the lambda metafactory not generating all required classes and methods:

```
java.lang.RuntimeException: tried to get nonexistent method <soot.lambdaMetaFactory.Adapt: void parameterWidening()>
	at soot.Scene.getMethod(Scene.java:907)
	at soot.testing.framework.AbstractTestingFramework.getMethodForSig(AbstractTestingFramework.java:231)
	at soot.testing.framework.AbstractTestingFramework.createTestTarget(AbstractTestingFramework.java:185)
	at soot.testing.framework.AbstractTestingFramework.prepareTarget(AbstractTestingFramework.java:117)
	at soot.testing.framework.AbstractTestingFramework.prepareTarget(AbstractTestingFramework.java:94)
	at soot.lambdaMetaFactory.LambdaMetaFactoryAdaptTest.parameterWidening(LambdaMetaFactoryAdaptTest.java:50)
	at sun.reflect.NativeMethodAccessorImpl.invoke0(Native Method)
	at sun.reflect.NativeMethodAccessorImpl.invoke(NativeMethodAccessorImpl.java:62)
	at sun.reflect.DelegatingMethodAccessorImpl.invoke(DelegatingMethodAccessorImpl.java:43)
	at java.lang.reflect.Method.invoke(Method.java:498)
	at org.junit.internal.runners.TestMethod.invoke(TestMethod.java:68)
```

We had two runs fail with the issues above, and then a third run (again, no code changes, same configuration, same machine) was successful. I can't see any other reason than concurrency.",closed,"[""Hi Steven. \r\n\r\nThis is an issue we are aware of for quite some time now: #1122\r\n@anddann  and I already debugged and fixed the problem: https://github.com/Sable/soot/pull/1191\r\nIt would be great if you could check if the proposed fix also eliminates your problems.\r\n\r\nGenerally, It's strange that Soot's parallel body creation could exist for such a long time without any proper means of synchronization. The problem originates from a non-synchronized map in the Scene that maps class names to `RefType`. This is a general problem but it rises much more consistently with the LambdaMetaFactory implementation that quite often adds new classes to the Scene during parallel body creation. \r\n\r\nIf we fix this and the concurrency issue in SootClass' `methodList`, we are a large step closer to a robust Soot. Looking at the issue tracker, there are quite some issues that are related to the same concurrency problem.\r\n\r\nManuel"", 'Great news, the proposed patch indeed seems to work. I got 5 consecutive builds with no errors. I suggest to merge it ASAP, so that we can continue with the develop branch.', 'Fixed with https://github.com/Sable/soot/pull/1191. Thanks for testing Steven!']"
64af4294998177add205c451,1083,How to reproduce synchronization issues mentioned in #1078,"> Would be great if you tell me how to reproduce the stated exceptions still.

_Originally posted by @mbenz89 in https://github.com/Sable/soot/pull/1078#issuecomment-448972688_


Here are instructions for reproducing the synchronization issues mentioned in the recently merged #1078.  The issues were mitigated by adding 'synchronized' to LambdaMetaFactory.makeLambdaHelper().  I suspect that several data structures in Scene need to be synchronized, at which point makeLambdaHelper probably does not need to be synchronized itself.

To reproduce, start by removing 'synchronized' from makeLambdaHelper.

Then, convert the class files in the attached Eclipse project to Jimple text.  The source code is included for reference.  In order to increase the time in the critical section I had to make copies of two classes.  It still does not throw exceptions every time, but if you run it ten times you should see both kinds of stack traces (also attached).

I included the Eclipse launch profile, which has the following arguments:

--java-version 1.8 --f J --p jb stabilize-local-names:true --d ${project_loc:lmf-concurrency}/j1 --cp ${project_loc:lmf-concurrency}/bin:${soot_jdk8_classpath} --process-dir ${project_loc:lmf-concurrency}/bin

Note that ${soot_jdk8_classpath} is the list of jdk8 jars for your machine.  You can either replace the variable or define it.

[lmf-concurrency.zip](https://github.com/Sable/soot/files/2703398/lmf-concurrency.zip)
[stack1.txt](https://github.com/Sable/soot/files/2703403/stack1.txt)
[stack2.txt](https://github.com/Sable/soot/files/2703404/stack2.txt)

",closed,['fixed by https://github.com/Sable/soot/pull/1191']
64af4294998177add205c464,1064,Add extension point to OnFlyCallGraphBuilder for handling special cases,"When generating a call graph, SPARK has to handle many special cases for concurrency helper classes like `java.lang.Thread` or `android.os.AsyncTask`.  These classes usually have control flow properties _hidden_ to the call graph analysis, e.g., the `Thread`'s `Thread.run` method will be invoked asynchronously after calling `Thread.start` or `AsyncTask.onPostExecute` will be executed after `AsyncTask.doInBackground` has finished. SPARK handles these cases by building an artifical short circuit between these framework managed calls, i.e., it adds edges between the start, computation and epilogue methods of these concurrecy helper classes to the call graph.

Currently, these special cases are hard coded into the [`OnFlyCallGraphBuilder`](https://github.com/Sable/soot/blob/develop/src/main/java/soot/jimple/toolkits/callgraph/OnFlyCallGraphBuilder.java) class.

`OnFlyCallGraphBuilder` needs an extension point which is capable of handling such special cases. Handling of concurrency helper classes and other special cases should then be removed from `OnFlyCallGraphBuilder` and encapsulated in implementations of the extension point. 

",open,[]
64af4294998177add205c472,1050,Use Kotlin as future programming language for Soot,"We, the core development team, have been discussing the possibility to use Kotlin as a development language at least for some parts of future (major) releases of Soot. In this issue we would like to get feedback from the community about whether or not this change would be desired.

We see the following Pros/Cons:
**Pro Kotlin:**
* Nicer language than Java, more concise, better concurrency constructs
* Features that do not work well are actually deprecated and discarded over time

**Neutral:**
* Kotlin can be integrated well with Java, in both directions

**Cons:**
* Steeper learning curve for people who wish to understand and edit Soot's code
* Possibly some cases where performance impact of the code are harder to predict than in Java

It would be great if you all could tell us your preferences and feedback, also regarding the above points.",open,"['@Leetsong Although I very much agree with your points, according to my understanding, this issue is actually about using Kotlin as a language to _develop_ Soot.', '@cbruegg Sorry for that. I misunderstood.', '@cbruegg I am expecting the extension of Soot to Kotlin for long. Sorry again for my mistake.', 'Have you considered other languages that share the same pros as Kotlin but perhaps avoid its cons, especially when it comes to better handling of concurrency and performance? Or is it that you require the new dev language to be well-integrated with Java?', 'Yes it would need to integrate with Java. Scala would be the only other option I could think of.\r\n\r\n> On 24. Oct 2018, at 14:24, Karim Ali <notifications@github.com> wrote:\r\n> \r\n> Have you considered other languages that share the same pros as Kotlin but perhaps avoid its cons, especially when it comes to better handling of concurrency and performance? Or is it that you require the new dev language to be well-integrated with Java?\r\n> \r\n> —\r\n> You are receiving this because you authored the thread.\r\n> Reply to this email directly, view it on GitHub, or mute the thread.\r\n> \r\n\r\n', ""> Possibly some cases where performance impact of the code are harder to predict than in Java\r\n\r\nI'd like to address this important point. Is there any particular language feature you're concerned about when it comes to performance? [This](https://sites.google.com/a/athaydes.com/renato-athaydes/posts/kotlinshiddencosts-benchmarks) article shows some JMH benchmarks for several language features that were suspected to cause performance penalties. However, the results don't seem to be particularly concerning.\r\n\r\nAdditionally, JetBrains has published various [official benchmarks](https://rawcdn.githack.com/JetBrains/kotlin-benchmarks/156d6912c5e3752a55ca76de8638b2f047c7bd75/report/report_java.html) comparing Kotlin's performance to Java. The code of the benchmarks can be found [here](https://github.com/JetBrains/kotlin-benchmarks).\r\n\r\nLastly, some anecdotal evidence: I've been using Kotlin in many Android applications in production, and as with any embedded device, the hardware performance of most Android devices is quite limited and yet users expect features such as smooth animations. Fortunately, I didn't run into any performance difficulties related to Kotlin yet, even though I mostly focus on implementing features and fixing bugs instead of performance optimization."", 'I still prefer Eclipse as development environment - a [Kotlin plugin for Eclipse](https://marketplace.eclipse.org/content/kotlin-plugin-eclipse) seems to exists (created by JetBrains), however I don\'t have any experience with it and how good and fast or slow it works with Eclipse and Maven.\r\n\r\nRegarding Kotlin and speed I can only see from the Kotlin generated Android code I have seen so far that it ""enhances"" the code with a large number of assertions. From my feeling more that I would ever have to write in plain Java. Therefore execution speed my slightly decrease by changing to Kotlin.\r\n\r\nBTW: How does the fact ""_Features that do not work well are actually deprecated and discarded over time_"" matches good to Soot? I thought Soot is just the opposite - never ever break compatibility at any point. ', '> Regarding Kotlin and speed I can only see from the Kotlin generated Android code I have seen so far that it ""enhances"" the code with a large number of assertions. From my feeling more that I would ever have to write in plain Java. Therefore execution speed my slightly decrease by changing to Kotlin.\r\n\r\nThis is true, Kotlin does insert calls e.g. to verify that values coming from Java are not null when they are expected to be not null by code written in Kotlin, i.e. an argument type is `String` and not `String?`. However, this is needed to prevent bugs. Secondly, the JVM is very good at inlining such verifications and can even eliminate null-checks. It simply registers a segfault-handler that handles accesses to variables that are null and resumes the program with a `NullPointerException` in case that happens. Only if this happens very often the JVM will deoptimize the method and actually perform the check. For more on this, I recommend [this talk about the JVM JIT](https://www.youtube.com/watch?v=oH4_unx8eJQ). It nicely demonstrates that arguing about performance on the JVM is non-trivial and benchmarks are always necessary.\r\n\r\n> I thought Soot is just the opposite - never ever break compatibility at any point.\r\n\r\nThere would need to be very strong reasons for the Kotlin designers to remove a feature in a way that would make it impossible for Kotlin users to maintain a stable ABI and API. Therefore I\'d say this is very unlikely to happen.']"
64af4294998177add205c494,1016,Fixing a (possible) ConcurrentModificationException,"I noticed a concurrency error in the retrieveAllBody method of the PackManager class. I was doing
weird things with its code but it can also be easily reproduced by adding a `Thread.sleep()` call right after the creation of the thread that will execute `retriveActiveBody()`.
With the class: AbstractClientConnAdapter (taken from the apk com.app_dalkeith.layout, sha256: 007E8F1EE6ABAE56E444920051F48E4F9B3A5AFE9CBA6D8DD000A675C7177DEC), sleeping 5 milliseconds:

```java
1286       while (methodIt.hasNext()) {
1287         final SootMethod m = methodIt.next();
1288         if (m.isConcrete()) {
1289           executor.execute(new Runnable() {
1290
1291             @Override
1292             public void run() {
1293               m.retrieveActiveBody();
1294             }
1295
1296           });
1297           try {
1298             Thread.sleep(5);
1299           } catch (InterruptedException e) {
1300             // TODO Auto-generated catch block
1301             e.printStackTrace();
1302           }
1303         }
1304       }

```
results in a:
```
java.util.ConcurrentModificationException
    at java.util.ArrayList$Itr.checkForComodification(ArrayList.java:909)
    at java.util.ArrayList$Itr.next(ArrayList.java:859)
    at soot.PackManager.retrieveAllBodies(PackManager.java:1288)
    at soot.PackManager.runPacksNormally(PackManager.java:497)
    at soot.PackManager.runPacks(PackManager.java:419)
    at soot.Main.run(Main.java:269)
    at soot.Main.main(Main.java:141)
```
However this occurs only if both '-ire' and '-allow-phantom-refs' are used. Eg:
```
java  -cp sootclasses-trunk-jar-with-dependencies.jar soot.Main -f class -ire -allow-phantom-refs
-src-prec apk -process-dir input/
```
(with AbstractClientConnAdapter.dex in input). The dex file can be found in <https://github.com/Sowke/faulty-apk/tree/master/concurrent_error>. Actually with a 5 ms sleep this error happens with a lot of apk, they can be downloaded from the same repo as AbstractClientConnAdapter.dex.

The reason I found is that the array `methodList` that is looped over to create the threads may be appended with a new method in `tryResolve(StringBuffer trace)` from the class SootMethodRefImpl (if
both the options are set).
It doesn't happen with a regular apk because looping over the methodList is way quicker than reaching the call to the method that may change it. But if something slows down the main thread the modification of the methodList may occurred before the end of the while loop. Hence, creating a ConcurrentModificationException.

Moreover, there is a comment before creating the iterator that will be used to loop over the methodList which states:
```java
// note: the following is a snapshot iterator;
// this is necessary because it can happen that phantom methods
// are added during resolution
```
but then only a common iterator is created.

This PR simply proposes to create an iterator over a copy of the methodList.
",closed,['Thanks for your contribution and the excellent clarification!']
64af4294998177add205c4c5,967,A number of multi-threaded fixes to SootField and SootMethod,"- Removed the restriction from setModifiers in SootField and SootMethod
  that a class needs to be an application class to set the modifiers of
  these objects. This seems to be an old restriction and I could not find
  any reason it needed to be around.
- Allowed SootField and SootMethod to be set to phantom even if their
  declaring class is not phantom. This fixes some holes where one might
  not have exactly the right library class but phantom methods and fields
  can be added to fill in some of the holes.
- Fixed a number of multi-thread race conditions related to the
  MethodSource and activeBody fields of SootMethod. Mainly,
  retrieveActiveBody, setActiveBody, and getActiveBody did not properly
  take into account changes that might occur to the class fields when
  not properly synchronized. This ensures that all modification to the
  MethodSource and activeBody fields occur in synchronized blocks and
  that any other field accesses these two depend on also occur in said
  blocks.
- Set all fields to private because modifying them without going through
  properly synchronized set methods might lead to race conditions. All
  child classes should use the seter method to set the fields.
- Cached the strings for the signature and subsignature in both SootField
  and SootMethod.
  - Constantly creating the signature strings in a multi-threaded
    analysis is extremly wasteful and time consuming (especially when the
    strings do not change).
  - This change caches the strings and ensures they only change when
    a modification to the data making up the signature or subsignature
    changes.
  - These changes are thread safe.
- Added a way to create a signature string from the declaring class and
  the subsignature string (without having to go through the trouble of
  decomposing the subsignature string into its parts if you already have
  the subsignature string).",closed,"['Can one of the admins verify this patch?', 'Can one of the admins verify this patch?', 'Can one of the admins verify this patch?', 'ok to test', 'I can make an option for the first part. \r\n\r\nFor the second, I can change it back to protected and you would just have to make sure no changes in the Soot code try to modify the fields of these classes without going through the synchronized setter methods. This would give people who are extending the classes access to the fields (they would just have to ensure thread safety in their own code). How does this sound @mbenz89 ?\r\n\r\nAlso apologies for the delayed responses on all of these, I got busy with something else right after I submitted them all.', '@StevenArzt I would like to hear your opinion on this pr.', ""I would not make any fields private that used to be protected in earlier versions of Soot. In our projects, we heavily rely on being able to derive our own classes from the Soot classes. We also run our own concurrency model on top of Soot, which means that we need to take care of consistency and possible race conditions anyway. I think this is a suitable model: If you create a derived class, you need to know what you're doing. Having a cache for signatures and subsignatures is definitely reasonable. In general, we must test such a change really well. If it works for a reasonable number of apps, I'm fine with it (once we change the fields back to protected)."", 'Have you tested these changes already for a reasonable number of apps?', ""Ok this should be good to go and sorry about the delay. I made all the changes requested and also fixed some style and header problems introduced by @StevenArzt's commits along with the ones in my pull request. \r\n\r\nTo answer your question yes these changes have been tested on a reasonable number of apps. Mainly all the system code and apps included in a build of AOSP 7.1.1. So everything should be fine."", '@agorski3 Thanks for the rework and your contribution in general!']"
64af4294998177add205c5c3,713,Unknown concurrency issue when analyzing multiple jar files,"Steps to reproduce:
1.) ...

Files used to reproduce: 
...

Soot version: <pre>trunk</pre>

Command line:
<pre>-unfriendly-mode</pre>

Max Memory:
<pre>3614MB</pre>

Stack trace:
<pre>java.lang.RuntimeException: &#60;org.mapdb.BTreeMap: java.lang.Object put2(java.lang.Object,java.lang.Object,boolean)&#62;: incoherent stack height at block merge point Block 52:
[preds: 50 51 ] [succs: 53 54 ]
new org.mapdb.BTreeMap$DirNode;
store.r $r37;
load.r $r37;
load.r r0;
fieldget &#60;org.mapdb.BTreeMap: org.mapdb.BTreeKeySerializer keySerializer&#62;;
push 1;
newarray;
dup1.r;
push 0;
load.r r92;
load.r r0;
fieldget &#60;org.mapdb.BTreeMap: org.mapdb.BTreeKeySerializer keySerializer&#62;;
virtualinvoke &#60;org.mapdb.BTreeMap$BNode: java.lang.Object highKey(org.mapdb.BTreeKeySerializer)&#62;;
arraywrite.r;
virtualinvoke &#60;org.mapdb.BTreeKeySerializer: java.lang.Object arrayToKeys(java.lang.Object[])&#62;;
push 1;
push 1;
push 0;
load.r z0;
specialinvoke &#60;org.mapdb.BTreeMap$DirNode: void &#60;init&#62;(java.lang.Object,boolean,boolean,boolean,java.lang.Object)&#62;;
load.r r0;
fieldget &#60;org.mapdb.BTreeMap: org.mapdb.LongConcurrentHashMap nodeLocks&#62;;
load.l l2;
staticinvoke &#60;org.mapdb.BTreeMap: void unlock(org.mapdb.LongConcurrentHashMap,long)&#62;;
load.r r0;
fieldget &#60;org.mapdb.BTreeMap: org.mapdb.LongConcurrentHashMap nodeLocks&#62;;
load.r r0;
fieldget &#60;org.mapdb.BTreeMap: long rootRecidRef&#62;;
staticinvoke &#60;org.mapdb.BTreeMap: void loc",closed,[]
64af4294998177add205c5e6,678,Concurrent test suites and bug reports of Dacapo Benchmarks,"Hi:
    Where can I get the concurrent test suites and bug reports of Dacapo Benchmarks? I want to use dacapo to analysis concurrency bugs.

Thanks!",closed,['@Roy-NJU Please re-open the issue if this is still relevant.']
64af4294998177add205c75f,301,Adds an indirection to the v() method.,"Removes the public static void setInstance-Method
",closed,"['Hi Marc. What is the purpose of this?\n\nI think the change might be problematic because the class G is auto-generated IIRC.\n', 'Hi Eric,\n it can be used to run multiple instances of soot in different threads since the implementer of GlobalObjectGetter can use the current thread to determine the G instance to use.\nI had introduced the G.setInstance method for that purpose, but it fails when it comes to concurrency, since only one instance is allowed at any time. if G is auto-generated, the change could vanish, but the setInstance-method does still exist in current builds, so probably it is either not generated automatically or very infrequently.\n', 'The ""G"" class is not generated automatically, only the ""Singletons"" class is. The proposed change is however not a full solution to the problem of having multiple concurrent Soot instances. As soon as one Soot instance uses multiple threads, there no longer a 1-to-1 mapping between threads and Soot instances. Therefore, the GlobalObjectGetter cannot get the Soot instance belonging to the current thread.\n\nThere are some parts of Soot that are already multi-threaded and even if these parts are by chance never used by anything that CodeInspect uses, such a construct can introduce very subtle and hard-to-find bugs in the future.\n\nI think we should properly sort out this issue first. @MarcMil  you had an idea about thread groups here, right?\n', 'I have the impression that this is something that would be ripe for the factory pattern. We could have a default factory that has a global singleton, another with one-per-thread model (e.g. ThreadLocal) and another one with some customization magic.\n\nThe behavior of the factory could be using a system property set with a -D flag, like `-Dsoot.singletons=global`, `-Dsoot.singletons=threadlocal` or `-Dsoot.singletons=custom -Dsoot.singletons.factory=XYZ`\nThe last option would work using reflection\n', 'See also https://github.com/Sable/heros/pull/9\n']"
