_id,sha,author,message,date
64b02a25db66c7a5db960a00,8b80552f43abd84f7d870222b401e42706ff570d,Ben Liblit,"Add ""NodeManager.stream()"" to allow streaming of graph nodes

This allows expressing some graph operations more succinctly by using
the Java stream APIs.  However, be cautious:  performance implications
of Java streams are nontrivial.

For some folks, Java streams have a reputation for poor performance.
The reality is more nuanced.  Yes, they can encourage needless
abstraction, adding layers of indirect objects, making simple tasks
unnecessarily slow.  But they can also speed things up by encouraging
use of higher-level bulk operations.  Processing stream elements in
parallel can also either boost or harm performance, depending on how
many items are being manipulated and much potential concurrency is
available.  So ... it's complicated.",2019-02-26 02:30:58
64b02a25db66c7a5db960d07,1306282ca773d1b5d23526a38cf9150ff4ced605,Manu Sridharan,"Cancel outdated jobs using workflow concurrency (#989)

This is an improved version of #976 using [the `concurrency` feature](https://docs.github.com/en/actions/reference/workflow-syntax-for-github-actions#concurrency) of GH Actions workflows.  This ensures our CI workflow only runs for the latest commit on any branch / PR, and also that only one workflow for each branch is running at any given time.  The latter is useful for the WALA master branch in particular, since before it was possible for workflows to upload Javadoc and snapshot builds out of order if one ran particularly slowly.",2021-09-19 14:10:29
