_id,id,title,body,state,comments
64af4e102062b0a7328144c3,1238,Disable merge queue,"This reverts commit 2647cfb0033ae0fe2c8836491fb3ea9d0b06fa60.

I strongly believe that there should be some way to configure GitHub Actions to work _really_ well for us, including the beta merge queue feature. But…I just do not know how to do it. The more I read about GitHub Actions, triggers, jobs, cancellation, etc. the more confused I get.

I suspect that [our `concurrency` settings in `continuous-integration.yml`](https://github.com/wala/WALA/blob/d1b60945d006717b4dbab19b591ff6960bd62330/.github/workflows/continuous-integration.yml#L8-L10) might be interfering with the merge queue. But if I just remove that, then we're back to running wasteful jobs. We're also back to the potential for race conditions, as @msridhar pointed out in 1306282ca773d1b5d23526a38cf9150ff4ced605. So I don't know how to change what we are doing here without breaking other things.

[Skip Duplicate Actions](https://github.com/fkirc/skip-duplicate-actions) looks like it could be helpful. Perhaps this action could let us avoid bad/wasteful concurrency while still allowing the merge queue to work properly. But again, the more I read through this project's documentation, the less I think I understand how to set it up properly. The fact that we are using a job matrix, with other jobs that depend on the matrix jobs' outcomes, makes things even more confusing. Perhaps if that action's maintainers (@paescuj and @fkirc) see this message, they might take an interest in donating a suggested change to [WALA's workflow configuration](https://github.com/wala/WALA/blob/master/.github/workflows/continuous-integration.yml)?

That would be delightful. Barring that, though, I think we need to bail out on the merge queue for now.",closed,[]
64af4e102062b0a7328145bc,989,Cancel outdated jobs using workflow concurrency,"This is an improved version of #976 using [the `concurrency` feature](https://docs.github.com/en/actions/reference/workflow-syntax-for-github-actions#concurrency) of GH Actions workflows.  This ensures our CI workflow only runs for the latest commit on any branch / PR, and also that only one workflow for each branch is running at any given time.  The latter is useful for the WALA master branch in particular, since before it was possible for workflows to upload Javadoc and snapshot builds out of order if one ran particularly slowly.",closed,['Confirmed via dummy commits that the workflow cancellation works both in my fork and for the pull request']
64af4e102062b0a7328147ec,427,Add NodeManager stream API,"This allows expressing some graph operations more succinctly by using the Java stream APIs.  However, be cautious: performance implications of Java streams are nontrivial.

For some folks, Java streams have a reputation for poor performance. The reality is more nuanced.  Yes, they can encourage needless abstraction, adding layers of indirect objects, making simple tasks unnecessarily slow.  But they can also speed things up by encouraging use of higher-level bulk operations.  Processing stream elements in parallel can also either boost or harm performance, depending on how many items are being manipulated and much potential concurrency is available.  So … it’s complicated.",closed,[]
