{
	"_id": {
		"$oid": "64b05c50181e470d7306c9d8"
	},
	"id": 4,
	"title": "App-only.dl may have issues with isOpaqueMethod handling",
	"body": "Original code:\r\n```souffle\r\n// First make all methods be opaque if not app!\r\nisOpaqueMethod(?signature) :-\r\n  isMethod(?signature),\r\n  !ApplicationMethod(?signature).\r\n```\r\nTest java code:\r\n```java\r\n    public void calledByEntry() {\r\n\t    // virtualinvoke l1#_54.<Test$A: int hashCode()>();\r\n        A o = new A();\r\n        o.hashCode();\r\n        System.out.println(\"called by entry method\");\r\n    }\r\n\r\n    public void calledByEntry() {\r\n\t    // Class A extends O\r\n\t    // virtualinvoke l1#_54.<java.lang.Object: int hashCode()>();\r\n        O o = new A();\r\n        o.hashCode();\r\n        System.out.println(\"called by entry method\");\r\n    }\r\n```\r\nFor the second method `calledByEntry`, `.<java.lang.Object: int hashCode()>` may be marked as isOpaqueMethod, which will affect the logics of `VirtualMethodInvocation_Base` and `configuration.ContextRequest`. To avoid this problem, the following code is a personally considered fix.\r\n```souffle\r\n.decl isMethodSuperOfApplicationMethod(?signature: Method)\r\n\r\n// Avoid this issue:\r\n// [Negations with relatively grounded variables · Issue #730 · souffle-lang/souffle (github.com)]\r\n// (https://github.com/souffle-lang/souffle/issues/730)\r\nisMethodSuperOfApplicationMethod(?signature) :-\r\n  basic.MethodOverridesOther(?methodSub, ?signature),\r\n  ApplicationMethod(?methodSub).\r\n\r\n// Fixed code:\r\n// ?signature maybe is the methodSuper of ApplicationMethod(?methodSub)\r\nisOpaqueMethod(?signature) :-\r\n  isMethod(?signature), \r\n  !isMethodSuperOfApplicationMethod(?signature),\r\n  !ApplicationMethod(?signature).\r\n```\r\n\r\n>Repaired result: ![Repaired result](https://github.com/plast-lab/doop-mirror/assets/50180586/7bbee274-8e5b-42ec-b610-8fe738dc695c)\r\n\r\n",
	"state": "open",
	"comments": []
}
{
	"_id": {
		"$oid": "64b05c50181e470d7306c9d9"
	},
	"id": 3,
	"title": "why context for lambda method is Immutable context?",
	"body": "related code:\r\n[method-handles.dl](https://github.com/plast-lab/doop-mirror/blob/master/souffle-logic/main/method-handles.dl#L852)\r\ni found lambda method's context always be immutable context, I wonder why? and i think it's better to let lambda method be context-sensitive.",
	"state": "open",
	"comments": [
		"Lambdas are very common and this analysis path is always on, thus it tries to avoid performance overheads such as those introduced by context sensitivity. The comment in the clause you link suggests a possible model of context sensitivity for lambda method handles but it was not implemented."
	]
}
{
	"_id": {
		"$oid": "64b05c50181e470d7306c9da"
	},
	"id": 2,
	"title": "Gradle Build failed",
	"body": "After all the setup, I run the command ./doop -h.\r\nThis is the error I run into:\r\n\r\nFAILURE: Build failed with an exception.\r\n\r\n* Where:\r\nBuild file '/home/shubham/Desktop/M.TechProject/Doop/yanniss-doop-e9752879fba1/build.gradle' line: 17\r\n\r\n* What went wrong:\r\nError resolving plugin [id: 'net.researchgate.release', version: '2.6.0']\r\n> Could not resolve all dependencies for configuration 'detachedConfiguration1'.\r\n   > Could not determine artifacts for net.researchgate.release:net.researchgate.release.gradle.plugin:2.6.0\r\n      > Could not get resource 'https://plugins.gradle.org/m2/net/researchgate/release/net.researchgate.release.gradle.plugin/2.6.0/net.researchgate.release.gradle.plugin-2.6.0.jar'.\r\n         > Could not HEAD 'https://plugins.gradle.org/m2/net/researchgate/release/net.researchgate.release.gradle.plugin/2.6.0/net.researchgate.release.gradle.plugin-2.6.0.jar'.\r\n            > Remote host closed connection during handshake\r\n\r\n* Try:\r\nRun with --stacktrace option to get the stack trace. Run with --info or --debug option to get more log output. Run with --scan to get full insights.\r\n\r\n* Get more help at https://help.gradle.org\r\n\r\nDeprecated Gradle features were used in this build, making it incompatible with Gradle 5.0.\r\nSee https://docs.gradle.org/4.7/userguide/command_line_interface.html#sec:command_line_warnings\r\n\r\n\r\nAnyone who can help me understand the error better?",
	"state": "closed",
	"comments": [
		"That's weird, I did not have any issues with the commit you are on. Maybe the resource from where gradle-release-plugin is downloaded was down at the time? Can you please pull and retry too? This doop mirror was a bit outdated after all.",
		"@rayobanon Is this resolved? Can I close it?",
		"Yes. Actually it was an issue of java version. It runs perfectly fine with java 1.8.\r\nThanks."
	]
}
{
	"_id": {
		"$oid": "64b05c50181e470d7306c9db"
	},
	"id": 1,
	"title": "Master",
	"body": "",
	"state": "closed",
	"comments": []
}
