{
	"_id": {
		"$oid": "64b02a5ddb66c7a5db961d69"
	},
	"sha": "5090994777010443d1f7c42d9d8be4f64752a0ee",
	"author": "Anders M�ller",
	"message": "initial",
	"date": {
		"$date": "2012-09-12T13:43:18Z"
	}
}
{
	"_id": {
		"$oid": "64b02a5ddb66c7a5db961d6a"
	},
	"sha": "39798c4bcb6fe49a47e71ad8b1adad7dece87e3f",
	"author": "Anders Møller",
	"message": "cumulative updates",
	"date": {
		"$date": "2013-08-13T09:06:46Z"
	}
}
{
	"_id": {
		"$oid": "64b02a5ddb66c7a5db961d6b"
	},
	"sha": "ad48f791b378def29f90ee2a9d9cbd7662857e0f",
	"author": "Anders M�ller",
	"message": "cumulative updates",
	"date": {
		"$date": "2013-11-20T19:29:00Z"
	}
}
{
	"_id": {
		"$oid": "64b02a5ddb66c7a5db961d6c"
	},
	"sha": "b223f2e9b3ca0335830ab24c475246d57be3f58f",
	"author": "Anders Møller",
	"message": "cumulative updates",
	"date": {
		"$date": "2015-06-29T17:52:41Z"
	}
}
{
	"_id": {
		"$oid": "64b02a5ddb66c7a5db961d6d"
	},
	"sha": "cd0595ac36a423a178eed8049d85a0cbd288e1c2",
	"author": "Anders Møller",
	"message": "added *.properties to build",
	"date": {
		"$date": "2015-10-03T17:55:14Z"
	}
}
{
	"_id": {
		"$oid": "64b02a5ddb66c7a5db961d6e"
	},
	"sha": "7d4c1110807ab0714038409e2c589d3688bd2f33",
	"author": "Anders Møller",
	"message": "cumulative updates",
	"date": {
		"$date": "2015-10-23T20:44:58Z"
	}
}
{
	"_id": {
		"$oid": "64b02a5ddb66c7a5db961d6f"
	},
	"sha": "c2aae6f5c6ca7052a2a0ef10b4dc55c9f4ceeb13",
	"author": "Anders Møller",
	"message": "added -determinacy option",
	"date": {
		"$date": "2015-10-27T14:17:57Z"
	}
}
{
	"_id": {
		"$oid": "64b02a5ddb66c7a5db961d70"
	},
	"sha": "baf18718b94a1dabdf37f59289b052fbc7046fb9",
	"author": "Anders Møller",
	"message": "cumulative updates",
	"date": {
		"$date": "2015-12-22T23:57:32Z"
	}
}
{
	"_id": {
		"$oid": "64b02a5ddb66c7a5db961d71"
	},
	"sha": "6bc79a2cf9205b23e2251b051986320b17acbb04",
	"author": "Anders Møller",
	"message": "cumulative updates",
	"date": {
		"$date": "2016-01-07T22:23:05Z"
	}
}
{
	"_id": {
		"$oid": "64b02a5ddb66c7a5db961d72"
	},
	"sha": "488b134c0b4f4a691d0a5287f649ce58631e88a1",
	"author": "Anders Møller",
	"message": "cumulative updates",
	"date": {
		"$date": "2016-10-13T21:14:45Z"
	}
}
{
	"_id": {
		"$oid": "64b02a5ddb66c7a5db961d73"
	},
	"sha": "6ea656b3e428bd3eac62e1def550fdadb92be7a8",
	"author": "Anders Møller",
	"message": "cumulative updates",
	"date": {
		"$date": "2016-11-24T11:49:33Z"
	}
}
{
	"_id": {
		"$oid": "64b02a5ddb66c7a5db961d74"
	},
	"sha": "fd29f7320f038bf08a6b72e4e609b83cfa5579c9",
	"author": "Anders Møller",
	"message": "cumulative updates",
	"date": {
		"$date": "2016-11-28T14:59:11Z"
	}
}
{
	"_id": {
		"$oid": "64b02a5ddb66c7a5db961d75"
	},
	"sha": "f3129707342ca64b94808e05a400e597cd58fdf4",
	"author": "Anders Møller",
	"message": "cumulative updates",
	"date": {
		"$date": "2017-06-10T06:33:31Z"
	}
}
{
	"_id": {
		"$oid": "64b02a5ddb66c7a5db961d76"
	},
	"sha": "bb98b8462b2d486cc6e9a3e05266da2a871b1fab",
	"author": "Anders Møller",
	"message": "cumulative updates",
	"date": {
		"$date": "2017-07-10T21:00:50Z"
	}
}
{
	"_id": {
		"$oid": "64b02a5ddb66c7a5db961d77"
	},
	"sha": "29a1c2482e2978a22feaaf33b175caca787dac89",
	"author": "Anders Møller",
	"message": "cumulative updates",
	"date": {
		"$date": "2017-09-17T06:57:04Z"
	}
}
{
	"_id": {
		"$oid": "64b02a5ddb66c7a5db961d78"
	},
	"sha": "1fd2306c63b849b7aa2c0c84b0a4b7e2b7f90c66",
	"author": "Anders Møller",
	"message": "cumulative updates",
	"date": {
		"$date": "2018-01-09T21:20:17Z"
	}
}
{
	"_id": {
		"$oid": "64b02a5ddb66c7a5db961d79"
	},
	"sha": "3244c9be3c30b2b60df5a62515316cf7a2e3f556",
	"author": "Anders Møller",
	"message": "cumulative updates",
	"date": {
		"$date": "2018-07-04T06:59:15Z"
	}
}
{
	"_id": {
		"$oid": "64b02a5ddb66c7a5db961d7a"
	},
	"sha": "21749ba153b981943cec0197317ef5dfa3a93b7d",
	"author": "Anders Møller",
	"message": "cumulative updates",
	"date": {
		"$date": "2018-09-18T06:38:10Z"
	}
}
{
	"_id": {
		"$oid": "64b02a5ddb66c7a5db961d7b"
	},
	"sha": "b5c005850236804442da1283fd69805e9d890d80",
	"author": "Anders Møller",
	"message": "cumulative updates",
	"date": {
		"$date": "2018-10-11T17:39:47Z"
	}
}
{
	"_id": {
		"$oid": "64b02a5ddb66c7a5db961d7c"
	},
	"sha": "d9f38a144ef0506cbe2c3c946422b5dac9bf971b",
	"author": "Anders Møller",
	"message": "cumulative updates",
	"date": {
		"$date": "2018-12-04T10:08:39Z"
	}
}
{
	"_id": {
		"$oid": "64b02a5ddb66c7a5db961d7d"
	},
	"sha": "60589f34c0195a2974c98632cb68494bbd4a2131",
	"author": "Anders Møller",
	"message": "cumulative updates",
	"date": {
		"$date": "2019-01-07T14:47:39Z"
	}
}
{
	"_id": {
		"$oid": "64b02a5ddb66c7a5db961d7e"
	},
	"sha": "9146ee3a20483cc499f52726440cc71ec949e0b9",
	"author": "Anders Møller",
	"message": "cumulative updates",
	"date": {
		"$date": "2019-01-24T12:19:44Z"
	}
}
{
	"_id": {
		"$oid": "64b02a5ddb66c7a5db961d7f"
	},
	"sha": "e0590d83fdcb1e00244c77b37e245a86fc00a589",
	"author": "Anders Møller",
	"message": "cumulative updates",
	"date": {
		"$date": "2019-05-25T16:02:28Z"
	}
}
{
	"_id": {
		"$oid": "64b02a5ddb66c7a5db961d80"
	},
	"sha": "a519cdd38261ba143b5f21ee917c86839c180469",
	"author": "Anders Møller",
	"message": "cumulative updates",
	"date": {
		"$date": "2019-06-08T20:46:06Z"
	}
}
{
	"_id": {
		"$oid": "64b02a5ddb66c7a5db961d81"
	},
	"sha": "43bc1e089cab98d5a2b107e01ab3b66395a41756",
	"author": "Anders Møller",
	"message": "cumulative updates",
	"date": {
		"$date": "2019-07-06T07:03:31Z"
	}
}
{
	"_id": {
		"$oid": "64b02a5ddb66c7a5db961d82"
	},
	"sha": "9c746c97ad063f8c891310f29bc39217076bafe2",
	"author": "Anders Møller",
	"message": "cumulative updates",
	"date": {
		"$date": "2019-11-20T08:33:59Z"
	}
}
{
	"_id": {
		"$oid": "64b02a5ddb66c7a5db961d83"
	},
	"sha": "ebbba0c60121a711736029cca20fa2134908a1ce",
	"author": "Anders Møller",
	"message": "cumulative updates",
	"date": {
		"$date": "2020-06-23T21:27:45Z"
	}
}
