{
	"_id": {
		"$oid": "64af4e966d891dfe6a971d4b"
	},
	"id": 22,
	"title": "No support for default-case in non-last position",
	"body": "error detail info: \r\nNo support for default-case in non-last position\r\n\tat dk.brics.tajs.js2flowgraph.FunctionBuilder.process(Unknown Source)\r\n\tat dk.brics.tajs.js2flowgraph.FunctionBuilder.process(Unknown Source)\r\n\tat dk.brics.tajs.js2flowgraph.asttraversals.DispatchingParseTreeAuxVisitor.process(Unknown Source)\r\n\r\nwhy no support for default-case in non-last position ? ,What's wrong with putting it in the middle?",
	"state": "open",
	"comments": []
}
{
	"_id": {
		"$oid": "64af4e966d891dfe6a971d4c"
	},
	"id": 21,
	"title": "TAJS Plugin is blank and cannot be installed",
	"body": "Hi, \r\nI want to install TAJS on my eclipse but it is blank and cannot be installed anymore. \r\n\r\nCan someone help me out? \r\nThanks a lot",
	"state": "closed",
	"comments": [
		"Sorry, the Eclipse plugin hasn't been updated for some time, so try the command-line version instead.",
		"Where can I find the command-line version?\r\n",
		"https://github.com/cs-au-dk/TAJS :-)",
		"HIHI, I am really a rookie in this. Thanks!",
		"Hi, thanks again, it worked. But I want to make call graphs but. that part still doesn't work.\r\nI got this:\r\n\r\n> java -callgraph dist/tajs-all.jar test-resources/src/chromeexperiments/3ddemo.html\r\nUnrecognized option: -callgraph\r\nError: Could not create the Java Virtual Machine.\r\nError: A fatal exception has occurred. Program will exit.\r\n\r\nI am probably still doing something wrong but don't know what\r\n",
		"Run it like this:\r\n```\r\njava -jar dist/tajs-all.jar -callgraph test-resources/src/chromeexperiments/3ddemo.html\r\n```\r\nAnd please contact me on amoeller@cs.au.dk instead of using github issue tracking for such questions :-)"
	]
}
{
	"_id": {
		"$oid": "64af4e966d891dfe6a971d4d"
	},
	"id": 20,
	"title": "NodeJS  Can't Run",
	"body": "- My Program\r\n```\r\nvar http2 = require('http');\r\nvar fs = require('fs');\r\nvar cats = require('cat-ascii-faces');\r\nvar uuidv4 = require('uuid/v4');\r\nvar digit = 10\r\n\r\nhttp2.createServer(function (req, res) {\r\n   var name = require('url').parse(req.url, true).query.name;\r\n   if (name === undefined) name = 'world';\r\n   if (name == 'burningbird') {\r\n      var file = 'phoenix5a.png';\r\n      fs.stat(file, function (err, stat) {\r\n         if (err) {\r\n            console.error(err);\r\n            res.writeHead(200, {'Content-Type': 'text/plain'});\r\n            res.end(\"Sorry, Burningbird isn't around right now \\n\");\r\n         } else {\r\n            var img = fs.readFileSync(file);\r\n            res.contentType = 'image/png';\r\n            res.contentLength = stat.size;\r\n            res.end(img, 'binary');\r\n} });\r\n   } else {\r\n      res.writeHead(200, {'Content-Type': 'text/plain'});\r\n      res.end('Hello ' + name + '\\n');\r\n   }\r\n}).listen(8124);\r\ncats();\r\nuuidv4(); \r\nconsole.log('Server running at port 8124/');\r\nrequire('url').parse(req.url, true);\r\n```\r\n\r\n- My Instruction\r\n```\r\njava -jar dist/tajs-all.jar  -flowgraph  -nodejs -babel  /Users/diffyao/Code/node_learn/npm_check/easy_app/index.js \r\n```\r\n\r\n- Error message \r\n<img width=\"1914\" alt=\"image\" src=\"https://user-images.githubusercontent.com/50076801/163385738-852df793-d7b8-4d4c-a3c1-e67a30d6ac0b.png\">\r\n\r\n- Environment\r\n\t- babel  \r\n<img width=\"1914\" alt=\"image\" src=\"https://user-images.githubusercontent.com/50076801/163385945-909473ff-65ad-45a2-81fa-c33fa60038f8.png\">\r\n\t- Java\r\n<img width=\"1914\" alt=\"image\" src=\"https://user-images.githubusercontent.com/50076801/163386045-894741d2-d4f1-4037-90b9-c5087fa8ff1c.png\">\r\n\r\n\r\n## Is there something wrong with my operation?",
	"state": "closed",
	"comments": [
		"The public version of TAJS doesn't contain modeling of the Node.js standard libraries, sorry."
	]
}
{
	"_id": {
		"$oid": "64af4e966d891dfe6a971d4e"
	},
	"id": 19,
	"title": "What is ReaGenT?",
	"body": "It looks like old tool for type checking in TAJS, but exist many things with same name. Can you, please, give a link?",
	"state": "closed",
	"comments": []
}
{
	"_id": {
		"$oid": "64af4e966d891dfe6a971d4f"
	},
	"id": 18,
	"title": "Bump lodash from 4.17.14 to 4.17.19 in /test-resources/src/tsspecs/lodashtest",
	"body": "Bumps [lodash](https://github.com/lodash/lodash) from 4.17.14 to 4.17.19.\n<details>\n<summary>Release notes</summary>\n<p><em>Sourced from <a href=\"https://github.com/lodash/lodash/releases\">lodash's releases</a>.</em></p>\n<blockquote>\n<h2>4.17.16</h2>\n</blockquote>\n</details>\n<details>\n<summary>Commits</summary>\n<ul>\n<li><a href=\"https://github.com/lodash/lodash/commit/d7fbc52ee0466a6d248f047b5d5c3e6d1e099056\"><code>d7fbc52</code></a> Bump to v4.17.19</li>\n<li><a href=\"https://github.com/lodash/lodash/commit/2e1c0f22f425e9c013815b2cd7c2ebd51f49a8d6\"><code>2e1c0f2</code></a> Add npm-package</li>\n<li><a href=\"https://github.com/lodash/lodash/commit/1b6c282299f4e0271f932b466c67f0f822aa308e\"><code>1b6c282</code></a> Bump to v4.17.18</li>\n<li><a href=\"https://github.com/lodash/lodash/commit/a370ac81408de2da77a82b3c4b61a01a3b9c2fac\"><code>a370ac8</code></a> Bump to v4.17.17</li>\n<li><a href=\"https://github.com/lodash/lodash/commit/1144918f3578a84fcc4986da9b806e63a6175cbb\"><code>1144918</code></a> Rebuild lodash and docs</li>\n<li><a href=\"https://github.com/lodash/lodash/commit/3a3b0fd339c2109563f7e8167dc95265ed82ef3e\"><code>3a3b0fd</code></a> Bump to v4.17.16</li>\n<li><a href=\"https://github.com/lodash/lodash/commit/c84fe82760fb2d3e03a63379b297a1cc1a2fce12\"><code>c84fe82</code></a> fix(zipObjectDeep): prototype pollution (<a href=\"https://github-redirect.dependabot.com/lodash/lodash/issues/4759\">#4759</a>)</li>\n<li><a href=\"https://github.com/lodash/lodash/commit/e7b28ea6cb17b4ca021e7c9d66218c8c89782f32\"><code>e7b28ea</code></a> Sanitize sourceURL so it cannot affect evaled code (<a href=\"https://github-redirect.dependabot.com/lodash/lodash/issues/4518\">#4518</a>)</li>\n<li><a href=\"https://github.com/lodash/lodash/commit/0cec225778d4ac26c2bac95031ecc92a94f08bbb\"><code>0cec225</code></a> Fix lodash.isEqual for circular references (<a href=\"https://github-redirect.dependabot.com/lodash/lodash/issues/4320\">#4320</a>) (<a href=\"https://github-redirect.dependabot.com/lodash/lodash/issues/4515\">#4515</a>)</li>\n<li><a href=\"https://github.com/lodash/lodash/commit/94c3a8133cb4fcdb50db72b4fd14dd884b195cd5\"><code>94c3a81</code></a> Document matches* shorthands for over* methods (<a href=\"https://github-redirect.dependabot.com/lodash/lodash/issues/4510\">#4510</a>) (<a href=\"https://github-redirect.dependabot.com/lodash/lodash/issues/4514\">#4514</a>)</li>\n<li>Additional commits viewable in <a href=\"https://github.com/lodash/lodash/compare/4.17.14...4.17.19\">compare view</a></li>\n</ul>\n</details>\n<details>\n<summary>Maintainer changes</summary>\n<p>This version was pushed to npm by <a href=\"https://www.npmjs.com/~mathias\">mathias</a>, a new releaser for lodash since your current version.</p>\n</details>\n<br />\n\n\n[![Dependabot compatibility score](https://dependabot-badges.githubapp.com/badges/compatibility_score?dependency-name=lodash&package-manager=npm_and_yarn&previous-version=4.17.14&new-version=4.17.19)](https://help.github.com/articles/configuring-automated-security-fixes)\n\nDependabot will resolve any conflicts with this PR as long as you don't alter it yourself. You can also trigger a rebase manually by commenting `@dependabot rebase`.\n\n[//]: # (dependabot-automerge-start)\n[//]: # (dependabot-automerge-end)\n\n---\n\n<details>\n<summary>Dependabot commands and options</summary>\n<br />\n\nYou can trigger Dependabot actions by commenting on this PR:\n- `@dependabot rebase` will rebase this PR\n- `@dependabot recreate` will recreate this PR, overwriting any edits that have been made to it\n- `@dependabot merge` will merge this PR after your CI passes on it\n- `@dependabot squash and merge` will squash and merge this PR after your CI passes on it\n- `@dependabot cancel merge` will cancel a previously requested merge and block automerging\n- `@dependabot reopen` will reopen this PR if it is closed\n- `@dependabot close` will close this PR and stop Dependabot recreating it. You can achieve the same result by closing it manually\n- `@dependabot ignore this major version` will close this PR and stop Dependabot creating any more for this major version (unless you reopen the PR or upgrade to it yourself)\n- `@dependabot ignore this minor version` will close this PR and stop Dependabot creating any more for this minor version (unless you reopen the PR or upgrade to it yourself)\n- `@dependabot ignore this dependency` will close this PR and stop Dependabot creating any more for this dependency (unless you reopen the PR or upgrade to it yourself)\n- `@dependabot use these labels` will set the current labels as the default for future PRs for this repo and language\n- `@dependabot use these reviewers` will set the current reviewers as the default for future PRs for this repo and language\n- `@dependabot use these assignees` will set the current assignees as the default for future PRs for this repo and language\n- `@dependabot use this milestone` will set the current milestone as the default for future PRs for this repo and language\n\nYou can disable automated security fix PRs for this repo from the [Security Alerts page](https://github.com/cs-au-dk/TAJS/network/alerts).\n\n</details>",
	"state": "open",
	"comments": []
}
{
	"_id": {
		"$oid": "64af4e966d891dfe6a971d50"
	},
	"id": 17,
	"title": "Null in dynamic property read (Pointer Analysis)",
	"body": "I'm running this example:\r\n```\r\nvar src = {\r\n  alpha: 1,\r\n  beta: \"testing\",\r\n  gamma: new Boolean(true),\r\n};\r\n\r\nvar dest = {};\r\nfor (var prop in src) {\r\n  dest[prop] = src[prop];\r\n}\r\n```\r\nwith show-variable-info flag and I get this:\r\n\r\n![image](https://user-images.githubusercontent.com/13451316/78529114-9073b500-77a6-11ea-82a4-8235cdcb723b.png)\r\n\r\nIt seems to be that src.prop is named as null. Building a pointer analysis wrapper on top of tajs and this null makes querying a pointer harder. ",
	"state": "closed",
	"comments": [
		"The null value appears because of the for-in loop and the dynamic property accesses. Null values are usually ignored by pointer analyses anyway.",
		"are you saying generally in pointer analysis we're not interested in finding points to set of src.prop? ",
		"I'm saying that a spurious null value is usually not critical."
	]
}
{
	"_id": {
		"$oid": "64af4e966d891dfe6a971d51"
	},
	"id": 16,
	"title": "Suppressed logs",
	"body": "",
	"state": "closed",
	"comments": []
}
{
	"_id": {
		"$oid": "64af4e966d891dfe6a971d52"
	},
	"id": 15,
	"title": "Abiliity to analyze projects (multiple js files with inter-procedural flow)",
	"body": "Upon a quick glance at readme, it was evident that the analysis is limited to only one file at a time\r\n\r\n`java -jar dist/tajs-all.jar test-resources/src/google/richards.js\r\n`\r\nIs it possible to analyze an entire project (comprised of one or more files with inter procedural flow between them) \r\nFor example\r\n`java -jar dist/tajs-all.jar test-resources/nodegoat\r\n`\r\nfor\r\nhttps://github.com/OWASP/NodeGoat\r\n\r\nIf the project supports inter-procedural flow, I am happy to add a patch to accept a folder (to process all files) rather than an individual file.\r\n\r\n",
	"state": "closed",
	"comments": [
		"TAJS is a whole-program analysis, so it doesn't make sense to analyze the individual files. For client-side JavaScript, TAJS automatically loads the .js files linked from the given .html file (example: `java -jar dist/tajs-all.jar test-resources/src/chromeexperiments/3ddemo.html`). Support for server-side JavaScript (Node.js) is under development - NodeGoat is one of the case studies we use to drive that development - but it's not yet ready for release."
	]
}
{
	"_id": {
		"$oid": "64af4e966d891dfe6a971d53"
	},
	"id": 14,
	"title": "Error: Can't find ts-spec-reader directory!?",
	"body": "When I run TAJS with -type-filtering flag I get the error, that I can't find the ts-spec-reader directory. What am I missing?",
	"state": "closed",
	"comments": [
		"It should be in 'extras'. Did you download the sub-modules, using for example `git submodule update --init --recursive`?\r\nPlease note that type filtering is an experimental feature that is not complete yet.",
		"I did. The rest of the flags worked fine. Can't make this one work ",
		"Did you also add\r\n```\r\ntajs = <PATH TO TAJS DIRECTORY>\r\n```\r\nto tajs.properties?\r\n\r\n(Again, don't expect too much of this experimental feature.)",
		"thank you. \r\n\r\nI do have one analysis related question. What's the expected time of running tajs on a simple jquery program and running it with lets say determinacy flag?",
		"It varies a lot - see http://cs.au.dk/~amoeller/papers/tajsvr/ and http://cs.au.dk/~amoeller/papers/jquery/."
	]
}
{
	"_id": {
		"$oid": "64af4e966d891dfe6a971d54"
	},
	"id": 13,
	"title": "Compilation errors in Eclipse",
	"body": "When importing sources in Eclipse, I get two errors in CallDependencies, at lines 276 and 281:\r\n`The method transferReturn(dk.brics.tajs.flowgraph.AbstractNode, dk.brics.tajs.flowgraph.BasicBlock, ContextType extends dk.brics.tajs.solver.IContext<ContextType>, ContextType extends dk.brics.tajs.solver.IContext<ContextType>, ContextType extends dk.brics.tajs.solver.IContext<ContextType>, dk.brics.tajs.solver.CallKind) in the type INodeTransfer<StateType,ContextType> is not applicable for the arguments (dk.brics.tajs.flowgraph.AbstractNode, dk.brics.tajs.flowgraph.BasicBlock, ContextType extends dk.brics.tajs.solver.IContext<ContextType>, ContextType extends dk.brics.tajs.solver.IContext<ContextType>, ContextType extends dk.brics.tajs.solver.IContext<ContextType>, dk.brics.tajs.solver.CallKind)`\r\n\r\nThese errors don't show up in Idea or ant, so I guess the Eclipse integrated compiler is interpreting generics differently from OpenJDK.\r\n\r\nAre you experiencing these too? Is Eclipse even used in TAJS development?\r\nThank you.",
	"state": "open",
	"comments": [
		"We shifted to IntelliJ IDEA long time ago. We'll look into the problem, but I suggest you use that or command-line compilation for now. "
	]
}
{
	"_id": {
		"$oid": "64af4e966d891dfe6a971d55"
	},
	"id": 12,
	"title": "Unevalizing the javascript programs does not give information about its sucess",
	"body": "Hi Team,\r\n\r\nAs part of my research, I was using TAJS and used its option -uneval. As mentioned in the paper Remedying the Eval that men do, it is to uneval the eval functions through different techniques. But when I run this on projects it does not give any such information if it was successful in unevalizing the eval function. Could you please help me in this? How can I get this information?\r\n\r\nThanks & Regards,\r\nAnkur",
	"state": "closed",
	"comments": [
		"Try using the option `-eval-statistics` (together with `-uneval`).",
		"Hello Sir,\r\nThank you for the information. I tried the option, but it gives only the following fields without data -\r\n\r\nUse of eval/innerHTML\r\n Constant eval'ed strings:\r\n Constant innerHTML strings:\r\n Source locations with maybe values for eval:\r\n\r\n Source locations with maybe values for innerHTML:\r\nand for some of the sliced projects given in the Unevalizer benchmark, it gives the error \r\nexception in thread \"main\" java.lang.Error: Expected children to be strings\r\n\r\nThanks and Regards,\r\nAnkur Gupta",
		"Please email amoeller@cs.au.dk instead of using the github issue tracker for such questions."
	]
}
{
	"_id": {
		"$oid": "64af4e966d891dfe6a971d56"
	},
	"id": 11,
	"title": "Uncaught Exception in NodeJS support",
	"body": "Analyzing the following file with `java -jar dist/tajs-all.jar -nodejs test-node.js` raises an uncaught exception (reproduced below):\r\n`test-node.js`:\r\n```javascript\r\nrequire('os');\r\n```\r\nThe exception (compiled by changing `debug` to `on` in `build.xml`):\r\n```\r\nException in thread \"main\" java.nio.file.ProviderMismatchException\r\n\tat sun.nio.fs.UnixPath.toUnixPath(UnixPath.java:200)\r\n\tat sun.nio.fs.UnixPath.relativize(UnixPath.java:410)\r\n\tat sun.nio.fs.UnixPath.relativize(UnixPath.java:43)\r\n\tat dk.brics.tajs.util.PathAndURLUtils.getRelativeTo(PathAndURLUtils.java:123)\r\n\tat dk.brics.tajs.util.PathAndURLUtils.getRelativeToWorkingDirectory(PathAndURLUtils.java:116)\r\n\tat dk.brics.tajs.flowgraph.SourceLocation.toUserFriendlyString(SourceLocation.java:255)\r\n\tat dk.brics.tajs.flowgraph.SourceLocation.toString(SourceLocation.java:174)\r\n\tat dk.brics.tajs.js2flowgraph.FlowGraphBuilder.reportParseMessages(FlowGraphBuilder.java:179)\r\n\tat dk.brics.tajs.js2flowgraph.FlowGraphBuilder.makeAST(FlowGraphBuilder.java:165)\r\n\tat dk.brics.tajs.js2flowgraph.FlowGraphBuilder.transformFunctionBody(FlowGraphBuilder.java:616)\r\n\tat dk.brics.tajs.js2flowgraph.FlowGraphMutator.addTopLevelFunction(FlowGraphMutator.java:181)\r\n\tat dk.brics.tajs.js2flowgraph.FlowGraphMutator.extendFlowGraphWithTopLevelFunction(FlowGraphMutator.java:151)\r\n\tat dk.brics.tajs.analysis.nativeobjects.FunctionFileLoader.loadFunction(FunctionFileLoader.java:89)\r\n\tat dk.brics.tajs.analysis.nativeobjects.TAJSFunctionEvaluator.lambda$makeImplementations$29(TAJSFunctionEvaluator.java:521)\r\n\tat dk.brics.tajs.analysis.nativeobjects.TAJSFunctionEvaluator$TAJSFunctionImplementation.transfer(TAJSFunctionEvaluator.java:795)\r\n\tat dk.brics.tajs.analysis.nativeobjects.TAJSFunctionEvaluator.evaluate(TAJSFunctionEvaluator.java:129)\r\n\tat dk.brics.tajs.analysis.HostAPIs.evaluate(HostAPIs.java:63)\r\n\tat dk.brics.tajs.analysis.FunctionCalls.lambda$callFunction$0(FunctionCalls.java:347)\r\n\tat dk.brics.tajs.solver.GenericSolver$SolverInterface.lambda$withState$0(GenericSolver.java:119)\r\n\tat dk.brics.tajs.solver.GenericSolver$SolverInterface.withState(GenericSolver.java:109)\r\n\tat dk.brics.tajs.solver.GenericSolver$SolverInterface.withState(GenericSolver.java:118)\r\n\tat dk.brics.tajs.analysis.FunctionCalls.callFunction(FunctionCalls.java:338)\r\n\tat dk.brics.tajs.analysis.js.NodeTransfer.visit(NodeTransfer.java:627)\r\n\tat dk.brics.tajs.flowgraph.jsnodes.CallNode.visitBy(CallNode.java:255)\r\n\tat dk.brics.tajs.analysis.Transfer.visit(Transfer.java:73)\r\n\tat dk.brics.tajs.flowgraph.jsnodes.Node.visitBy(Node.java:42)\r\n\tat dk.brics.tajs.analysis.Transfer.transfer(Transfer.java:62)\r\n\tat dk.brics.tajs.solver.GenericSolver.solve(GenericSolver.java:372)\r\n\tat dk.brics.tajs.Main.run(Main.java:296)\r\n\tat dk.brics.tajs.Main.main(Main.java:93)\r\n```\r\nIt's caused because there are some node.js modules modeled, but they are compiled into the jar, so they're not in the same filesystem as the file we analyze, and getting the relative path makes no sense.",
	"state": "closed",
	"comments": [
		"Try changing\r\nhttps://github.com/cs-au-dk/TAJS/blob/master/src/dk/brics/tajs/flowgraph/SourceLocation.java#L249\r\nfrom\r\n```\r\nif (location.getProtocol().equalsIgnoreCase(\"http\") || location.getProtocol().equalsIgnoreCase(\"https\")) { \r\n```\r\nto\r\n```\r\nif (location.getProtocol().equalsIgnoreCase(\"http\") || location.getProtocol().equalsIgnoreCase(\"https\") || location.getProtocol().equalsIgnoreCase(\"jar\")) {\r\n```",
		"Should be fixed in 3244c9be"
	]
}
{
	"_id": {
		"$oid": "64af4e966d891dfe6a971d57"
	},
	"id": 10,
	"title": "Update README.md",
	"body": "",
	"state": "closed",
	"comments": []
}
{
	"_id": {
		"$oid": "64af4e966d891dfe6a971d58"
	},
	"id": 9,
	"title": "[graphviz Question]How do you prefer to view .dot files?",
	"body": "I've come across this in my own projects, maybe graphviz is just bad, but trying to view even the smallest files flowgraphs in .ps form e.g. `dot -Tps out/flowgraphs/initial.dot -o out/initial.ps` just gets cut off in any viewer I try.\r\n\r\nAny suggestions on how to view them better?\r\n\r\nThanks for making TAJS, it's a great project!",
	"state": "closed",
	"comments": [
		"Hmm I found `sfdp -x -Goverlap=scale -Tpng out/flowgraphs/initial.dot > out/TEST.png` works much better, still curious what you prefer though :)",
		"I use the xdot program (on Ubuntu), it operates directly on the dot file instead of an image file. ",
		"Thanks 👍 "
	]
}
{
	"_id": {
		"$oid": "64af4e966d891dfe6a971d59"
	},
	"id": 8,
	"title": "soundiness",
	"body": "Known sources of unsoundness in the modeling of the core language and native library:\r\n- properties of 'arguments' should be shared with the formal parameters (currently only supported one way)\r\n- getters/setters do not behave correctly if they have wrong number of arguments\r\n- RangeError exceptions caused by stack size exceeded are ignored\r\n- Unevalizer: variables created via 'eval' should have empty attributes, unlike ordinary variables\r\n- JSArray.sort ignores comparefn if it is a host object\r\n- ES5 Object.* methods missing some TypeErrors\r\n- ES5 strict mode only partly modeled\r\n- some ES5 native functions are modeled unsoundly by mdn-polyfills.js, including 'bind'\r\n- not all ES3 to ES5 minor \"breaking changes\" have been modeled\r\n- dynamic property write operations are assumed not to write to `__proto__`\r\n\r\nThese issues will be fixed \"by need\" if we find that they cause wrong analysis results on realistic programs.\r\n",
	"state": "open",
	"comments": []
}
{
	"_id": {
		"$oid": "64af4e966d891dfe6a971d5a"
	},
	"id": 7,
	"title": "Exception Error",
	"body": "used the tajs-all.jar file on Windows 7, java 8u60\n\nException in thread \"main\" java.util.MissingResourceException: Can't find bundle\n for base name rhino_ast.java.com.google.javascript.rhino.Messages, locale en_US\n        at java.util.ResourceBundle.throwMissingResourceException(Unknown Source\n)\n        at java.util.ResourceBundle.getBundleImpl(Unknown Source)\n        at java.util.ResourceBundle.getBundle(Unknown Source)\n        at com.google.javascript.rhino.SimpleErrorReporter.getMessage(SimpleErro\nrReporter.java:124)\n        at com.google.javascript.rhino.SimpleErrorReporter.getMessage0(SimpleErr\norReporter.java:109)\n        at com.google.javascript.jscomp.parsing.JsDocInfoParser$ErrorReporterPar\nser.addTypeWarning(JsDocInfoParser.java:84)\n        at com.google.javascript.jscomp.parsing.JsDocInfoParser.reportTypeSyntax\nWarning(JsDocInfoParser.java:2485)\n        at com.google.javascript.jscomp.parsing.JsDocInfoParser.reportGenericTyp\neSyntaxWarning(JsDocInfoParser.java:2490)\n        at com.google.javascript.jscomp.parsing.JsDocInfoParser.parseBasicTypeEx\npression(JsDocInfoParser.java:2023)\n        at com.google.javascript.jscomp.parsing.JsDocInfoParser.parseTypeExpress\nion(JsDocInfoParser.java:1965)\n        at com.google.javascript.jscomp.parsing.JsDocInfoParser.parseTopLevelTyp\neExpression(JsDocInfoParser.java:1885)\n        at com.google.javascript.jscomp.parsing.JsDocInfoParser.parseTypeExpress\nionAnnotation(JsDocInfoParser.java:1794)\n        at com.google.javascript.jscomp.parsing.JsDocInfoParser.parseAndRecordTy\npeNode(JsDocInfoParser.java:1411)\n        at com.google.javascript.jscomp.parsing.JsDocInfoParser.parseAndRecordTy\npeNode(JsDocInfoParser.java:1347)\n        at com.google.javascript.jscomp.parsing.JsDocInfoParser.parseAnnotation(\nJsDocInfoParser.java:991)\n        at com.google.javascript.jscomp.parsing.JsDocInfoParser.parseHelperLoop(\nJsDocInfoParser.java:262)\n        at com.google.javascript.jscomp.parsing.JsDocInfoParser.parse(JsDocInfoP\narser.java:252)\n        at com.google.javascript.jscomp.parsing.NewIRFactory.createJsDocInfoPars\ner(NewIRFactory.java:819)\n        at com.google.javascript.jscomp.parsing.NewIRFactory.handleJsDoc(NewIRFa\nctory.java:566)\n        at com.google.javascript.jscomp.parsing.NewIRFactory.handleJsDoc(NewIRFa\nctory.java:583)\n        at com.google.javascript.jscomp.parsing.NewIRFactory.transform(NewIRFact\nory.java:652)\n        at com.google.javascript.jscomp.parsing.NewIRFactory.access$300(NewIRFac\ntory.java:109)\n        at com.google.javascript.jscomp.parsing.NewIRFactory$TransformDispatcher\n.processExpressionStatement(NewIRFactory.java:1042)\n        at com.google.javascript.jscomp.parsing.NewIRFactory$TransformDispatcher\n.processExpressionStatement(NewIRFactory.java:890)\n        at com.google.javascript.jscomp.parsing.NewTypeSafeDispatcher.process(Ne\nwTypeSafeDispatcher.java:209)\n        at com.google.javascript.jscomp.parsing.NewIRFactory.justTransform(NewIR\nFactory.java:887)\n        at com.google.javascript.jscomp.parsing.NewIRFactory.transform(NewIRFact\nory.java:653)\n        at com.google.javascript.jscomp.parsing.NewIRFactory.access$300(NewIRFac\ntory.java:109)\n        at com.google.javascript.jscomp.parsing.NewIRFactory$TransformDispatcher\n.processBlock(NewIRFactory.java:978)\n        at com.google.javascript.jscomp.parsing.NewIRFactory$TransformDispatcher\n.processBlock(NewIRFactory.java:890)\n        at com.google.javascript.jscomp.parsing.NewTypeSafeDispatcher.process(Ne\nwTypeSafeDispatcher.java:191)\n        at com.google.javascript.jscomp.parsing.NewIRFactory.justTransform(NewIR\nFactory.java:887)\n        at com.google.javascript.jscomp.parsing.NewIRFactory.transform(NewIRFact\nory.java:653)\n        at com.google.javascript.jscomp.parsing.NewIRFactory.access$300(NewIRFac\ntory.java:109)\n        at com.google.javascript.jscomp.parsing.NewIRFactory$TransformDispatcher\n.processFunction(NewIRFactory.java:1160)\n        at com.google.javascript.jscomp.parsing.NewIRFactory$TransformDispatcher\n.processFunction(NewIRFactory.java:890)\n        at com.google.javascript.jscomp.parsing.NewTypeSafeDispatcher.process(Ne\nwTypeSafeDispatcher.java:219)\n        at com.google.javascript.jscomp.parsing.NewIRFactory.justTransform(NewIR\nFactory.java:887)\n        at com.google.javascript.jscomp.parsing.NewIRFactory.transform(NewIRFact\nory.java:653)\n        at com.google.javascript.jscomp.parsing.NewIRFactory.access$300(NewIRFac\ntory.java:109)\n        at com.google.javascript.jscomp.parsing.NewIRFactory$TransformDispatcher\n.processNewExpression(NewIRFactory.java:1372)\n        at com.google.javascript.jscomp.parsing.NewIRFactory$TransformDispatcher\n.processNewExpression(NewIRFactory.java:890)\n        at com.google.javascript.jscomp.parsing.NewTypeSafeDispatcher.process(Ne\nwTypeSafeDispatcher.java:235)\n        at com.google.javascript.jscomp.parsing.NewIRFactory.justTransform(NewIR\nFactory.java:887)\n        at com.google.javascript.jscomp.parsing.NewIRFactory.transform(NewIRFact\nory.java:653)\n        at com.google.javascript.jscomp.parsing.NewIRFactory.access$300(NewIRFac\ntory.java:109)\n        at com.google.javascript.jscomp.parsing.NewIRFactory$TransformDispatcher\n.processVariableDeclaration(NewIRFactory.java:1802)\n        at com.google.javascript.jscomp.parsing.NewIRFactory$TransformDispatcher\n.processVariableDeclaration(NewIRFactory.java:890)\n        at com.google.javascript.jscomp.parsing.NewTypeSafeDispatcher.process(Ne\nwTypeSafeDispatcher.java:259)\n        at com.google.javascript.jscomp.parsing.NewIRFactory.justTransform(NewIR\nFactory.java:887)\n        at com.google.javascript.jscomp.parsing.NewIRFactory.transformNodeWithIn\nlineJsDoc(NewIRFactory.java:688)\n        at com.google.javascript.jscomp.parsing.NewIRFactory.access$1800(NewIRFa\nctory.java:109)\n        at com.google.javascript.jscomp.parsing.NewIRFactory$TransformDispatcher\n.processVariableDeclarationList(NewIRFactory.java:1792)\n        at com.google.javascript.jscomp.parsing.NewIRFactory$TransformDispatcher\n.processVariableDeclarationList(NewIRFactory.java:890)\n        at com.google.javascript.jscomp.parsing.NewTypeSafeDispatcher.process(Ne\nwTypeSafeDispatcher.java:257)\n        at com.google.javascript.jscomp.parsing.NewIRFactory.justTransform(NewIR\nFactory.java:887)\n        at com.google.javascript.jscomp.parsing.NewIRFactory.access$3100(NewIRFa\nctory.java:109)\n        at com.google.javascript.jscomp.parsing.NewIRFactory$TransformDispatcher\n.processVariableStatement(NewIRFactory.java:1757)\n        at com.google.javascript.jscomp.parsing.NewIRFactory$TransformDispatcher\n.processVariableStatement(NewIRFactory.java:890)\n        at com.google.javascript.jscomp.parsing.NewTypeSafeDispatcher.process(Ne\nwTypeSafeDispatcher.java:255)\n        at com.google.javascript.jscomp.parsing.NewIRFactory.justTransform(NewIR\nFactory.java:887)\n        at com.google.javascript.jscomp.parsing.NewIRFactory.transform(NewIRFact\nory.java:653)\n        at com.google.javascript.jscomp.parsing.NewIRFactory.access$300(NewIRFac\ntory.java:109)\n        at com.google.javascript.jscomp.parsing.NewIRFactory$TransformDispatcher\n.processBlock(NewIRFactory.java:978)\n        at com.google.javascript.jscomp.parsing.NewIRFactory$TransformDispatcher\n.processBlock(NewIRFactory.java:890)\n        at com.google.javascript.jscomp.parsing.NewTypeSafeDispatcher.process(Ne\nwTypeSafeDispatcher.java:191)\n        at com.google.javascript.jscomp.parsing.NewIRFactory.justTransform(NewIR\nFactory.java:887)\n        at com.google.javascript.jscomp.parsing.NewIRFactory.transform(NewIRFact\nory.java:653)\n        at com.google.javascript.jscomp.parsing.NewIRFactory.access$300(NewIRFac\ntory.java:109)\n        at com.google.javascript.jscomp.parsing.NewIRFactory$TransformDispatcher\n.processFunction(NewIRFactory.java:1160)\n        at com.google.javascript.jscomp.parsing.NewIRFactory$TransformDispatcher\n.processFunction(NewIRFactory.java:890)\n        at com.google.javascript.jscomp.parsing.NewTypeSafeDispatcher.process(Ne\nwTypeSafeDispatcher.java:219)\n        at com.google.javascript.jscomp.parsing.NewIRFactory.justTransform(NewIR\nFactory.java:887)\n        at com.google.javascript.jscomp.parsing.NewIRFactory.transform(NewIRFact\nory.java:653)\n        at com.google.javascript.jscomp.parsing.NewIRFactory.access$300(NewIRFac\ntory.java:109)\n        at com.google.javascript.jscomp.parsing.NewIRFactory$TransformDispatcher\n.processNewExpression(NewIRFactory.java:1372)\n        at com.google.javascript.jscomp.parsing.NewIRFactory$TransformDispatcher\n.processNewExpression(NewIRFactory.java:890)\n        at com.google.javascript.jscomp.parsing.NewTypeSafeDispatcher.process(Ne\nwTypeSafeDispatcher.java:235)\n        at com.google.javascript.jscomp.parsing.NewIRFactory.justTransform(NewIR\nFactory.java:887)\n        at com.google.javascript.jscomp.parsing.NewIRFactory.transform(NewIRFact\nory.java:653)\n        at com.google.javascript.jscomp.parsing.NewIRFactory.access$300(NewIRFac\ntory.java:109)\n        at com.google.javascript.jscomp.parsing.NewIRFactory$TransformDispatcher\n.processVariableDeclaration(NewIRFactory.java:1802)\n        at com.google.javascript.jscomp.parsing.NewIRFactory$TransformDispatcher\n.processVariableDeclaration(NewIRFactory.java:890)\n        at com.google.javascript.jscomp.parsing.NewTypeSafeDispatcher.process(Ne\nwTypeSafeDispatcher.java:259)\n        at com.google.javascript.jscomp.parsing.NewIRFactory.justTransform(NewIR\nFactory.java:887)\n        at com.google.javascript.jscomp.parsing.NewIRFactory.transformNodeWithIn\nlineJsDoc(NewIRFactory.java:688)\n        at com.google.javascript.jscomp.parsing.NewIRFactory.access$1800(NewIRFa\nctory.java:109)\n        at com.google.javascript.jscomp.parsing.NewIRFactory$TransformDispatcher\n.processVariableDeclarationList(NewIRFactory.java:1792)\n        at com.google.javascript.jscomp.parsing.NewIRFactory$TransformDispatcher\n.processVariableDeclarationList(NewIRFactory.java:890)\n        at com.google.javascript.jscomp.parsing.NewTypeSafeDispatcher.process(Ne\nwTypeSafeDispatcher.java:257)\n        at com.google.javascript.jscomp.parsing.NewIRFactory.justTransform(NewIR\nFactory.java:887)\n        at com.google.javascript.jscomp.parsing.NewIRFactory.access$3100(NewIRFa\nctory.java:109)\n        at com.google.javascript.jscomp.parsing.NewIRFactory$TransformDispatcher\n.processVariableStatement(NewIRFactory.java:1757)\n        at com.google.javascript.jscomp.parsing.NewIRFactory$TransformDispatcher\n.processVariableStatement(NewIRFactory.java:890)\n        at com.google.javascript.jscomp.parsing.NewTypeSafeDispatcher.process(Ne\nwTypeSafeDispatcher.java:255)\n        at com.google.javascript.jscomp.parsing.NewIRFactory.justTransform(NewIR\nFactory.java:887)\n        at com.google.javascript.jscomp.parsing.NewIRFactory.transform(NewIRFact\nory.java:653)\n        at com.google.javascript.jscomp.parsing.NewIRFactory.access$300(NewIRFac\ntory.java:109)\n        at com.google.javascript.jscomp.parsing.NewIRFactory$TransformDispatcher\n.processAstRoot(NewIRFactory.java:932)\n        at com.google.javascript.jscomp.parsing.NewIRFactory$TransformDispatcher\n.processAstRoot(NewIRFactory.java:890)\n        at com.google.javascript.jscomp.parsing.NewTypeSafeDispatcher.process(Ne\nwTypeSafeDispatcher.java:245)\n        at com.google.javascript.jscomp.parsing.NewIRFactory.justTransform(NewIR\nFactory.java:887)\n        at com.google.javascript.jscomp.parsing.NewIRFactory.transformTree(NewIR\nFactory.java:274)\n        at com.google.javascript.jscomp.parsing.ParserRunner.parseEs6(ParserRunn\ner.java:196)\n        at com.google.javascript.jscomp.parsing.ParserRunner.parse(ParserRunner.\njava:111)\n        at dk.brics.tajs.js2flowgraph.JavaScriptParser.parse(Unknown Source)\n        at dk.brics.tajs.js2flowgraph.FlowGraphBuilder.makeAST(Unknown Source)\n        at dk.brics.tajs.js2flowgraph.FlowGraphBuilder.transformCode(Unknown Sou\nrce)\n        at dk.brics.tajs.js2flowgraph.FlowGraphBuilder.transformStandAloneCode(U\nnknown Source)\n        at dk.brics.tajs.Main.init(Unknown Source)\n        at dk.brics.tajs.Main.main(Unknown Source)\n",
	"state": "closed",
	"comments": [
		"How did you build the jar file? The following works fine for me on Windows 7 using java 8u51:\n\n```\ngit clone git@github.com:cs-au-dk/TAJS.git\ncd TAJS\nant\njava -jar dist/tajs-all.jar test/google/richards.js \n```\n",
		"I guess I was lazy and downloaded the binary from http://www.brics.dk/TAJS/dist/. They looked recent. Are they outdated?\n",
		"That jar also works fine for me. It looks like some locale issue. We'll look into it. Meanwhile, I suggest you try build your own jar file using ant.\n",
		"I have rebuilt it, and getting the same error. Resource is clearly missing.\n",
		"We have not been able to reproduce the problem, but can you try with the latest tajs-all.jar from http://www.brics.dk/TAJS/dist/ or with a git pull and rebuild?\nIt if still doesn't work, please explain precisely how you run the executable.\n",
		"The latest you put to the site works.\n",
		"I think the build.xml file was missing something.\n"
	]
}
{
	"_id": {
		"$oid": "64af4e966d891dfe6a971d5b"
	},
	"id": 6,
	"title": "sparse analysis (see SAS'14 paper)",
	"body": "",
	"state": "open",
	"comments": []
}
{
	"_id": {
		"$oid": "64af4e966d891dfe6a971d5c"
	},
	"id": 5,
	"title": "integrate features from the OOPSLA'14 paper",
	"body": "",
	"state": "closed",
	"comments": [
		"fixed in 7d4c1110\n"
	]
}
{
	"_id": {
		"$oid": "64af4e966d891dfe6a971d5d"
	},
	"id": 4,
	"title": "fix bugs in Unevalizer",
	"body": "",
	"state": "open",
	"comments": []
}
{
	"_id": {
		"$oid": "64af4e966d891dfe6a971d5e"
	},
	"id": 3,
	"title": "improve browser/DOM model",
	"body": "",
	"state": "open",
	"comments": [
		"Closing. This is de-facto demand driven, both in terms of soundness and precision."
	]
}
{
	"_id": {
		"$oid": "64af4e966d891dfe6a971d5f"
	},
	"id": 2,
	"title": "implicit toString/valueOf and callbacks from native functions",
	"body": "",
	"state": "closed",
	"comments": [
		"fixed in baf1871\n"
	]
}
{
	"_id": {
		"$oid": "64af4e966d891dfe6a971d60"
	},
	"id": 1,
	"title": "ES5 support",
	"body": "",
	"state": "open",
	"comments": [
		"+1\n",
		"+1\n",
		"We're working on it... :-)\n",
		"Latest release has support for much of ES5, especially getters and setters\r\n",
		"Shall we update the issue to say \"ES6\"? Otherwise, could you point somewhere with some brief TL;DR on how to use babel with TAJS? :)"
	]
}
