_id,sha,author,message,date
64b02a4cdb66c7a5db961155,3dc67d82448d1b90d9de6461b9ba370a3ede5171,Nguyen Nguyen (GITI),concurrent.locks,2013-06-12 16:14:25
64b02a4cdb66c7a5db96114e,22b63f11982c18ef3f71fc0ed2a55dfc4f3ea09e,Nguyen Nguyen (GITI),java.util.concurrent,2013-06-12 15:56:42
64b02a4cdb66c7a5db9617e9,727477a1c7ac8e8b8276feba6aba6cb563e32fd6,Nguyen Nguyen,simplified java.util.concurrent,2014-03-31 17:56:16
64b02a4cdb66c7a5db961a6e,a885626ccba849518461ad6446d85ef7db73516f,Michael Gordon,do not follow exceptional paths and fix concurrent modification exception by using exceptional graph,2015-01-22 18:17:12
